IndicatorCode,Indicator,ValueType,ParentLocationCode,ParentLocation,Location type,SpatialDimValueCode,Location,Period type,Period,IsLatestYear,Dim1 type,Dim1,Dim1ValueCode,Dim2 type,Dim2,Dim2ValueCode,Dim3 type,Dim3,Dim3ValueCode,DataSourceDimValueCode,DataSource,FactValueNumericPrefix,FactValueNumeric,FactValueUoM,FactValueNumericLowPrefix,FactValueNumericLow,FactValueNumericHighPrefix,FactValueNumericHigh,Value,FactValueTranslationID,FactComments,Language,DateModified
MALARIA_CONF_CASES,Number of confirmed malaria cases,numeric,EUR,Europe,Country,TKM,Turkmenistan,Year,2024,true,,,,,,,,,,,,,0,,,,,,0,,,EN,2025-12-18T16:00:00.000Z
MALARIA_CONF_CASES,Number of confirmed malaria cases,numeric,EUR,Europe,Country,UZB,Uzbekistan,Year,2024,true,,,,,,,,,,,,,0,,,,,,0,,,EN,2025-12-18T16:00:00.000Z
MALARIA_CONF_CASES,Number of confirmed malaria cases,numeric,AMR,Americas,Country,BLZ,Belize,Year,2024,true,,,,,,,,,,,,,1,,,,,,1,,,EN,2025-12-18T16:00:00.000Z
MALARIA_CONF_CASES,Number of confirmed malaria cases,numeric,SEAR,South-East Asia,Country,TLS,Timor-Leste,Year,2024,true,,,,,,,,,,,,,1,,,,,,1,,,EN,2025-12-18T16:00:00.000Z
MALARIA_CONF_CASES,Number of confirmed malaria cases,numeric,AFR,Africa,Country,BEN,Benin,Year,2024,true,,,,,,,,,,,,,1739412,,,,,,1 739 412,,,EN,2025-12-18T16:00:00.000Z
MALARIA_CONF_CASES,Number of confirmed malaria cases,numeric,AFR,Africa,Country,SLE,Sierra Leone,Year,2024,true,,,,,,,,,,,,,1911083,,,,,,1 911 083,,,EN,2025-12-18T16:00:00.000Z
MALARIA_CONF_CASES,Number of confirmed malaria cases,numeric,AFR,Africa,Country,AGO,Angola,Year,2024,true,,,,,,,,,,,,,10638498,,,,,,10 638 498,,,EN,2025-12-18T16:00:00.000Z
MALARIA_CONF_CASES,Number of confirmed malaria cases,numeric,AFR,Africa,Country,BFA,Burkina Faso,Year,2024,true,,,,,,,,,,,,,10838579,,,,,,10 838 579,,,EN,2025-12-18T16:00:00.000Z
MALARIA_CONF_CASES,Number of confirmed malaria cases,numeric,AMR,Americas,Country,VEN,Venezuela (Bolivarian Republic of),Year,2024,true,,,,,,,,,,,,,101924,,,,,,101 924,,,EN,2025-12-18T16:00:00.000Z
MALARIA_CONF_CASES,Number of confirmed malaria cases,numeric,SEAR,South-East Asia,Country,NPL,Nepal,Year,2024,true,,,,,,,,,,,,,1043,,,,,,1043,,,EN,2025-12-18T16:00:00.000Z
MALARIA_CONF_CASES,Number of confirmed malaria cases,numeric,WPR,Western Pacific,Country,SLB,Solomon Islands,Year,2024,true,,,,,,,,,,,,,105373,,,,,,105 373,,,EN,2025-12-18T16:00:00.000Z
MALARIA_CONF_CASES,Number of confirmed malaria cases,numeric,AFR,Africa,Country,MOZ,Mozambique,Year,2024,true,,,,,,,,,,,,,11614339,,,,,,11 614 339,,,EN,2025-12-18T16:00:00.000Z
MALARIA_CONF_CASES,Number of confirmed malaria cases,numeric,AFR,Africa,Country,GMB,Gambia,Year,2024,true,,,,,,,,,,,,,111465,,,,,,111 465,,,EN,2025-12-18T16:00:00.000Z
MALARIA_CONF_CASES,Number of confirmed malaria cases,numeric,AFR,Africa,Country,MYT,Mayotte,Year,2024,true,,,,,,,,,,,,,119,,,,,,119,,,EN,2025-12-18T16:00:00.000Z
MALARIA_CONF_CASES,Number of confirmed malaria cases,numeric,AFR,Africa,Country,UGA,Uganda,Year,2024,true,,,,,,,,,,,,,12728239,,,,,,12 728 239,,,EN,2025-12-18T16:00:00.000Z
MALARIA_CONF_CASES,Number of confirmed malaria cases,numeric,AMR,Americas,Country,DOM,Dominican Republic,Year,2024,true,,,,,,,,,,,,,1234,,,,,,1234,,,EN,2025-12-18T16:00:00.000Z
MALARIA_CONF_CASES,Number of confirmed malaria cases,numeric,AMR,Americas,Country,COL,Colombia,Year,2024,true,,,,,,,,,,,,,127600,,,,,,127 600,,,EN,2025-12-18T16:00:00.000Z
MALARIA_CONF_CASES,Number of confirmed malaria cases,numeric,SEAR,South-East Asia,Country,BGD,Bangladesh,Year,2024,true,,,,,,,,,,,,,13100,,,,,,13 100,,,EN,2025-12-18T16:00:00.000Z
MALARIA_CONF_CASES,Number of confirmed malaria cases,numeric,SEAR,South-East Asia,Country,THA,Thailand,Year,2024,true,,,,,,,,,,,,,14690,,,,,,14 690,,,EN,2025-12-18T16:00:00.000Z
MALARIA_CONF_CASES,Number of confirmed malaria cases,numeric,SEAR,South-East Asia,Country,BTN,Bhutan,Year,2024,true,,,,,,,,,,,,,144,,,,,,144,,,EN,2025-12-18T16:00:00.000Z
MALARIA_CONF_CASES,Number of confirmed malaria cases,numeric,AMR,Americas,Country,PAN,Panama,Year,2024,true,,,,,,,,,,,,,15112,,,,,,15 112,,,EN,2025-12-18T16:00:00.000Z
MALARIA_CONF_CASES,Number of confirmed malaria cases,numeric,AMR,Americas,Country,BOL,Bolivia (Plurinational State of),Year,2024,true,,,,,,,,,,,,,15716,,,,,,15 716,,,EN,2025-12-18T16:00:00.000Z
MALARIA_CONF_CASES,Number of confirmed malaria cases,numeric,AFR,Africa,Country,NAM,Namibia,Year,2024,true,,,,,,,,,,,,,16115,,,,,,16 115,,,EN,2025-12-18T16:00:00.000Z
MALARIA_CONF_CASES,Number of confirmed malaria cases,numeric,WPR,Western Pacific,Country,VUT,Vanuatu,Year,2024,true,,,,,,,,,,,,,1614,,,,,,1614,,,EN,2025-12-18T16:00:00.000Z
MALARIA_CONF_CASES,Number of confirmed malaria cases,numeric,AMR,Americas,Country,BRA,Brazil,Year,2024,true,,,,,,,,,,,,,163622,,,,,,163 622,,,EN,2025-12-18T16:00:00.000Z
MALARIA_CONF_CASES,Number of confirmed malaria cases,numeric,AFR,Africa,Country,ERI,Eritrea,Year,2024,true,,,,,,,,,,,,,167146,,,,,,167 146,,,EN,2025-12-18T16:00:00.000Z
MALARIA_CONF_CASES,Number of confirmed malaria cases,numeric,SEAR,South-East Asia,Country,MMR,Myanmar,Year,2024,true,,,,,,,,,,,,,189358,,,,,,189 358,,,EN,2025-12-18T16:00:00.000Z
MALARIA_CONF_CASES,Number of confirmed malaria cases,numeric,AMR,Americas,Country,PRY,Paraguay,Year,2024,true,,,,,,,,,,,,,2,,,,,,2,,,EN,2025-12-18T16:00:00.000Z
MALARIA_CONF_CASES,Number of confirmed malaria cases,numeric,EMR,Eastern Mediterranean,Country,PAK,Pakistan,Year,2024,true,,,,,,,,,,,,,2105015,,,,,,2 105 015,,,EN,2025-12-18T16:00:00.000Z
MALARIA_CONF_CASES,Number of confirmed malaria cases,numeric,AFR,Africa,Country,TGO,Togo,Year,2024,true,,,,,,,,,,,,,2182671,,,,,,2 182 671,,,EN,2025-12-18T16:00:00.000Z
MALARIA_CONF_CASES,Number of confirmed malaria cases,numeric,AFR,Africa,Country,CAF,Central African Republic,Year,2024,true,,,,,,,,,,,,,2264207,,,,,,2 264 207,,,EN,2025-12-18T16:00:00.000Z
MALARIA_CONF_CASES,Number of confirmed malaria cases,numeric,AFR,Africa,Country,TCD,Chad,Year,2024,true,,,,,,,,,,,,,2556012,,,,,,2 556 012,,,EN,2025-12-18T16:00:00.000Z
MALARIA_CONF_CASES,Number of confirmed malaria cases,numeric,AFR,Africa,Country,GIN,Guinea,Year,2024,true,,,,,,,,,,,,,2760143,,,,,,2 760 143,,,EN,2025-12-18T16:00:00.000Z
MALARIA_CONF_CASES,Number of confirmed malaria cases,numeric,AFR,Africa,Country,CMR,Cameroon,Year,2024,true,,,,,,,,,,,,,2964132,,,,,,2 964 132,,,EN,2025-12-18T16:00:00.000Z
MALARIA_CONF_CASES,Number of confirmed malaria cases,numeric,EMR,Eastern Mediterranean,Country,YEM,Yemen,Year,2024,true,,,,,,,,,,,,,210879,,,,,,210 879,,,EN,2025-12-18T16:00:00.000Z
MALARIA_CONF_CASES,Number of confirmed malaria cases,numeric,AFR,Africa,Country,NGA,Nigeria,Year,2024,true,,,,,,,,,,,,,22683496,,,,,,22 683 496,,,EN,2025-12-18T16:00:00.000Z
MALARIA_CONF_CASES,Number of confirmed malaria cases,numeric,AMR,Americas,Country,HND,Honduras,Year,2024,true,,,,,,,,,,,,,2361,,,,,,2361,,,EN,2025-12-18T16:00:00.000Z
MALARIA_CONF_CASES,Number of confirmed malaria cases,numeric,WPR,Western Pacific,Country,MYS,Malaysia,Year,2024,true,,,,,,,,,,,,,2384,,,,,,2384,,,EN,2025-12-18T16:00:00.000Z
MALARIA_CONF_CASES,Number of confirmed malaria cases,numeric,SEAR,South-East Asia,Country,IND,India,Year,2024,true,,,,,,,,,,,,,255500,,,,,,255 500,,,EN,2025-12-18T16:00:00.000Z
MALARIA_CONF_CASES,Number of confirmed malaria cases,numeric,EMR,Eastern Mediterranean,Country,AFG,Afghanistan,Year,2024,true,,,,,,,,,,,,,257524,,,,,,257 524,,,EN,2025-12-18T16:00:00.000Z
MALARIA_CONF_CASES,Number of confirmed malaria cases,numeric,AMR,Americas,Country,ARG,Argentina,Year,2024,true,,,,,,,,,,,,,26,,,,,,26,,,EN,2025-12-18T16:00:00.000Z
MALARIA_CONF_CASES,Number of confirmed malaria cases,numeric,AMR,Americas,Country,GUY,Guyana,Year,2024,true,,,,,,,,,,,,,26358,,,,,,26 358,,,EN,2025-12-18T16:00:00.000Z
MALARIA_CONF_CASES,Number of confirmed malaria cases,numeric,WPR,Western Pacific,Country,CHN,China,Year,2024,true,,,,,,,,,,,,,2783,,,,,,2783,,,EN,2025-12-18T16:00:00.000Z
MALARIA_CONF_CASES,Number of confirmed malaria cases,numeric,AFR,Africa,Country,COD,Democratic Republic of the Congo,Year,2024,true,,,,,,,,,,,,,29825871,,,,,,29 825 871,,,EN,2025-12-18T16:00:00.000Z
MALARIA_CONF_CASES,Number of confirmed malaria cases,numeric,AFR,Africa,Country,BWA,Botswana,Year,2024,true,,,,,,,,,,,,,290,,,,,,290,,,EN,2025-12-18T16:00:00.000Z
MALARIA_CONF_CASES,Number of confirmed malaria cases,numeric,AMR,Americas,Country,GTM,Guatemala,Year,2024,true,,,,,,,,,,,,,2976,,,,,,2976,,,EN,2025-12-18T16:00:00.000Z
MALARIA_CONF_CASES,Number of confirmed malaria cases,numeric,AFR,Africa,Country,SSD,South Sudan,Year,2024,true,,,,,,,,,,,,,3547305,,,,,,3 547 305,,,EN,2025-12-18T16:00:00.000Z
MALARIA_CONF_CASES,Number of confirmed malaria cases,numeric,AFR,Africa,Country,TZA,United Republic of Tanzania,Year,2024,true,,,,,,,,,,,,,3582855,,,,,,3 582 855,,,EN,2025-12-18T16:00:00.000Z
MALARIA_CONF_CASES,Number of confirmed malaria cases,numeric,AFR,Africa,Country,MLI,Mali,Year,2024,true,,,,,,,,,,,,,3789689,,,,,,3 789 689,,,EN,2025-12-18T16:00:00.000Z
MALARIA_CONF_CASES,Number of confirmed malaria cases,numeric,AFR,Africa,Country,MDG,Madagascar,Year,2024,true,,,,,,,,,,,,,3886959,,,,,,3 886 959,,,EN,2025-12-18T16:00:00.000Z
MALARIA_CONF_CASES,Number of confirmed malaria cases,numeric,AFR,Africa,Country,DZA,Algeria,Year,2024,true,,,,,,,,,,,,,3107,,,,,,3107,,,EN,2025-12-18T16:00:00.000Z
MALARIA_CONF_CASES,Number of confirmed malaria cases,numeric,EMR,Eastern Mediterranean,Country,SOM,Somalia,Year,2024,true,,,,,,,,,,,,,32983,,,,,,32 983,,,EN,2025-12-18T16:00:00.000Z
MALARIA_CONF_CASES,Number of confirmed malaria cases,numeric,AMR,Americas,Country,CRI,Costa Rica,Year,2024,true,,,,,,,,,,,,,335,,,,,,335,,,EN,2025-12-18T16:00:00.000Z
MALARIA_CONF_CASES,Number of confirmed malaria cases,numeric,AMR,Americas,Country,PER,Peru,Year,2024,true,,,,,,,,,,,,,34006,,,,,,34 006,,,EN,2025-12-18T16:00:00.000Z
MALARIA_CONF_CASES,Number of confirmed malaria cases,numeric,WPR,Western Pacific,Country,LAO,Lao People's Democratic Republic,Year,2024,true,,,,,,,,,,,,,342,,,,,,342,,,EN,2025-12-18T16:00:00.000Z
MALARIA_CONF_CASES,Number of confirmed malaria cases,numeric,WPR,Western Pacific,Country,VNM,Viet Nam,Year,2024,true,,,,,,,,,,,,,353,,,,,,353,,,EN,2025-12-18T16:00:00.000Z
MALARIA_CONF_CASES,Number of confirmed malaria cases,numeric,WPR,Western Pacific,Country,KHM,Cambodia,Year,2024,true,,,,,,,,,,,,,355,,,,,,355,,,EN,2025-12-18T16:00:00.000Z
MALARIA_CONF_CASES,Number of confirmed malaria cases,numeric,AFR,Africa,Country,SWZ,Eswatini,Year,2024,true,,,,,,,,,,,,,362,,,,,,362,,,EN,2025-12-18T16:00:00.000Z
MALARIA_CONF_CASES,Number of confirmed malaria cases,numeric,SEAR,South-East Asia,Country,LKA,Sri Lanka,Year,2024,true,,,,,,,,,,,,,38,,,,,,38,,,EN,2025-12-18T16:00:00.000Z
MALARIA_CONF_CASES,Number of confirmed malaria cases,numeric,AMR,Americas,Country,HTI,Haiti,Year,2024,true,,,,,,,,,,,,,38591,,,,,,38 591,,,EN,2025-12-18T16:00:00.000Z
MALARIA_CONF_CASES,Number of confirmed malaria cases,numeric,EMR,Eastern Mediterranean,Country,DJI,Djibouti,Year,2024,true,,,,,,,,,,,,,39523,,,,,,39 523,,,EN,2025-12-18T16:00:00.000Z
MALARIA_CONF_CASES,Number of confirmed malaria cases,numeric,EUR,Europe,Country,GEO,Georgia,Year,2024,true,,,,,,,,,,,,,4,,,,,,4,,,EN,2025-12-18T16:00:00.000Z
MALARIA_CONF_CASES,Number of confirmed malaria cases,numeric,EUR,Europe,Country,KAZ,Kazakhstan,Year,2024,true,,,,,,,,,,,,,4,,,,,,4,,,EN,2025-12-18T16:00:00.000Z
MALARIA_CONF_CASES,Number of confirmed malaria cases,numeric,EUR,Europe,Country,KGZ,Kyrgyzstan,Year,2024,true,,,,,,,,,,,,,4,,,,,,4,,,EN,2025-12-18T16:00:00.000Z
MALARIA_CONF_CASES,Number of confirmed malaria cases,numeric,EUR,Europe,Country,TJK,Tajikistan,Year,2024,true,,,,,,,,,,,,,4,,,,,,4,,,EN,2025-12-18T16:00:00.000Z
MALARIA_CONF_CASES,Number of confirmed malaria cases,numeric,AFR,Africa,Country,ETH,Ethiopia,Year,2024,true,,,,,,,,,,,,,4322642,,,,,,4 322 642,,,EN,2025-12-18T16:00:00.000Z
MALARIA_CONF_CASES,Number of confirmed malaria cases,numeric,AFR,Africa,Country,SEN,Senegal,Year,2024,true,,,,,,,,,,,,,415635,,,,,,415 635,,,EN,2025-12-18T16:00:00.000Z
MALARIA_CONF_CASES,Number of confirmed malaria cases,numeric,AMR,Americas,Country,GUF,French Guiana,Year,2024,true,,,,,,,,,,,,,425,,,,,,425,,,EN,2025-12-18T16:00:00.000Z
MALARIA_CONF_CASES,Number of confirmed malaria cases,numeric,AMR,Americas,Country,ECU,Ecuador,Year,2024,true,,,,,,,,,,,,,460,,,,,,460,,,EN,2025-12-18T16:00:00.000Z
MALARIA_CONF_CASES,Number of confirmed malaria cases,numeric,AFR,Africa,Country,ZAF,South Africa,Year,2024,true,,,,,,,,,,,,,4639,,,,,,4639,,,EN,2025-12-18T16:00:00.000Z
MALARIA_CONF_CASES,Number of confirmed malaria cases,numeric,EUR,Europe,Country,ARM,Armenia,Year,2024,true,,,,,,,,,,,,,5,,,,,,5,,,EN,2025-12-18T16:00:00.000Z
MALARIA_CONF_CASES,Number of confirmed malaria cases,numeric,AFR,Africa,Country,KEN,Kenya,Year,2024,true,,,,,,,,,,,,,5188371,,,,,,5 188 371,,,EN,2025-12-18T16:00:00.000Z
MALARIA_CONF_CASES,Number of confirmed malaria cases,numeric,AFR,Africa,Country,GHA,Ghana,Year,2024,true,,,,,,,,,,,,,5334849,,,,,,5 334 849,,,EN,2025-12-18T16:00:00.000Z
MALARIA_CONF_CASES,Number of confirmed malaria cases,numeric,AMR,Americas,Country,NIC,Nicaragua,Year,2024,true,,,,,,,,,,,,,5064,,,,,,5064,,,EN,2025-12-18T16:00:00.000Z
MALARIA_CONF_CASES,Number of confirmed malaria cases,numeric,SEAR,South-East Asia,Country,PRK,Democratic People's Republic of Korea,Year,2024,true,,,,,,,,,,,,,5233,,,,,,5233,,,EN,2025-12-18T16:00:00.000Z
MALARIA_CONF_CASES,Number of confirmed malaria cases,numeric,WPR,Western Pacific,Country,IDN,Indonesia,Year,2024,true,,,,,,,,,,,,,543922,,,,,,543 922,,,EN,2025-12-18T16:00:00.000Z
MALARIA_CONF_CASES,Number of confirmed malaria cases,numeric,AFR,Africa,Country,CPV,Cabo Verde,Year,2024,true,,,,,,,,,,,,,55,,,,,,55,,,EN,2025-12-18T16:00:00.000Z
MALARIA_CONF_CASES,Number of confirmed malaria cases,numeric,AFR,Africa,Country,COM,Comoros,Year,2024,true,,,,,,,,,,,,,55277,,,,,,55 277,,,EN,2025-12-18T16:00:00.000Z
MALARIA_CONF_CASES,Number of confirmed malaria cases,numeric,EMR,Eastern Mediterranean,Country,SDN,Sudan,Year,2024,true,,,,,,,,,,,,,556471,,,,,,556 471,,,EN,2025-12-18T16:00:00.000Z
MALARIA_CONF_CASES,Number of confirmed malaria cases,numeric,AMR,Americas,Country,SUR,Suriname,Year,2024,true,,,,,,,,,,,,,56,,,,,,56,,,EN,2025-12-18T16:00:00.000Z
MALARIA_CONF_CASES,Number of confirmed malaria cases,numeric,AFR,Africa,Country,ZWE,Zimbabwe,Year,2024,true,,,,,,,,,,,,,56672,,,,,,56 672,,,EN,2025-12-18T16:00:00.000Z
MALARIA_CONF_CASES,Number of confirmed malaria cases,numeric,AFR,Africa,Country,GNQ,Equatorial Guinea,Year,2024,true,,,,,,,,,,,,,57499,,,,,,57 499,,,EN,2025-12-18T16:00:00.000Z
MALARIA_CONF_CASES,Number of confirmed malaria cases,numeric,EUR,Europe,Country,AZE,Azerbaijan,Year,2024,true,,,,,,,,,,,,,6,,,,,,6,,,EN,2025-12-18T16:00:00.000Z
MALARIA_CONF_CASES,Number of confirmed malaria cases,numeric,AFR,Africa,Country,BDI,Burundi,Year,2024,true,,,,,,,,,,,,,6159110,,,,,,6 159 110,,,EN,2025-12-18T16:00:00.000Z
MALARIA_CONF_CASES,Number of confirmed malaria cases,numeric,AFR,Africa,Country,NER,Niger,Year,2024,true,,,,,,,,,,,,,6900115,,,,,,6 900 115,,,EN,2025-12-18T16:00:00.000Z
MALARIA_CONF_CASES,Number of confirmed malaria cases,numeric,AFR,Africa,Country,COG,Congo,Year,2024,true,,,,,,,,,,,,,611821,,,,,,611 821,,,EN,2025-12-18T16:00:00.000Z
MALARIA_CONF_CASES,Number of confirmed malaria cases,numeric,AFR,Africa,Country,GAB,Gabon,Year,2024,true,,,,,,,,,,,,,70895,,,,,,70 895,,,EN,2025-12-18T16:00:00.000Z
MALARIA_CONF_CASES,Number of confirmed malaria cases,numeric,EMR,Eastern Mediterranean,Country,SAU,Saudi Arabia,Year,2024,true,,,,,,,,,,,,,7041,,,,,,7041,,,EN,2025-12-18T16:00:00.000Z
MALARIA_CONF_CASES,Number of confirmed malaria cases,numeric,AFR,Africa,Country,STP,Sao Tome and Principe,Year,2024,true,,,,,,,,,,,,,7118,,,,,,7118,,,EN,2025-12-18T16:00:00.000Z
MALARIA_CONF_CASES,Number of confirmed malaria cases,numeric,WPR,Western Pacific,Country,KOR,Republic of Korea,Year,2024,true,,,,,,,,,,,,,713,,,,,,713,,,EN,2025-12-18T16:00:00.000Z
MALARIA_CONF_CASES,Number of confirmed malaria cases,numeric,EMR,Eastern Mediterranean,Country,IRN,Iran (Islamic Republic of),Year,2024,true,,,,,,,,,,,,,7601,,,,,,7601,,,EN,2025-12-18T16:00:00.000Z
MALARIA_CONF_CASES,Number of confirmed malaria cases,numeric,AFR,Africa,Country,MRT,Mauritania,Year,2024,true,,,,,,,,,,,,,77369,,,,,,77 369,,,EN,2025-12-18T16:00:00.000Z
MALARIA_CONF_CASES,Number of confirmed malaria cases,numeric,AMR,Americas,Country,SLV,El Salvador,Year,2024,true,,,,,,,,,,,,,8,,,,,,8,,,EN,2025-12-18T16:00:00.000Z
MALARIA_CONF_CASES,Number of confirmed malaria cases,numeric,AFR,Africa,Country,CIV,Cote d'Ivoire,Year,2024,true,,,,,,,,,,,,,8990029,,,,,,8 990 029,,,EN,2025-12-18T16:00:00.000Z
MALARIA_CONF_CASES,Number of confirmed malaria cases,numeric,AFR,Africa,Country,RWA,Rwanda,Year,2024,true,,,,,,,,,,,,,807113,,,,,,807 113,,,EN,2025-12-18T16:00:00.000Z
MALARIA_CONF_CASES,Number of confirmed malaria cases,numeric,AMR,Americas,Country,MEX,Mexico,Year,2024,true,,,,,,,,,,,,,880,,,,,,880,,,EN,2025-12-18T16:00:00.000Z
MALARIA_CONF_CASES,Number of confirmed malaria cases,numeric,AFR,Africa,Country,ZMB,Zambia,Year,2024,true,,,,,,,,,,,,,9260320,,,,,,9 260 320,,,EN,2025-12-18T16:00:00.000Z
MALARIA_CONF_CASES,Number of confirmed malaria cases,numeric,AFR,Africa,Country,MWI,Malawi,Year,2024,true,,,,,,,,,,,,,9425147,,,,,,9 425 147,,,EN,2025-12-18T16:00:00.000Z
MALARIA_CONF_CASES,Number of confirmed malaria cases,numeric,WPR,Western Pacific,Country,PHL,Philippines,Year,2024,true,,,,,,,,,,,,,9021,,,,,,9021,,,EN,2025-12-18T16:00:00.000Z
MALARIA_CONF_CASES,Number of confirmed malaria cases,numeric,WPR,Western Pacific,Country,PNG,Papua New Guinea,Year,2024,true,,,,,,,,,,,,,910747,,,,,,910 747,,,EN,2025-12-18T16:00:00.000Z
MALARIA_CONF_CASES,Number of confirmed malaria cases,numeric,AFR,Africa,Country,GNB,Guinea-Bissau,Year,2024,true,,,,,,,,,,,,,98392,,,,,,98 392,,,EN,2025-12-18T16:00:00.000Z
MALARIA_CONF_CASES,Number of confirmed malaria cases,numeric,AFR,Africa,Country,LBR,Liberia,Year,2024,true,,,,,,,,,,,,,987728,,,,,,987 728,,,EN,2025-12-18T16:00:00.000Z
MALARIA_CONF_CASES,Number of confirmed malaria cases,numeric,AMR,Americas,Country,PRY,Paraguay,Year,2023,false,,,,,,,,,,,,,0,,,,,,0,,,EN,2025-12-18T16:00:00.000Z
MALARIA_CONF_CASES,Number of confirmed malaria cases,numeric,AFR,Africa,Country,CAF,Central African Republic,Year,2023,false,,,,,,,,,,,,,1841126,,,,,,1 841 126,,,EN,2025-12-18T16:00:00.000Z
MALARIA_CONF_CASES,Number of confirmed malaria cases,numeric,AFR,Africa,Country,BEN,Benin,Year,2023,false,,,,,,,,,,,,,1882757,,,,,,1 882 757,,,EN,2025-12-18T16:00:00.000Z
MALARIA_CONF_CASES,Number of confirmed malaria cases,numeric,EMR,Eastern Mediterranean,Country,IRN,Iran (Islamic Republic of),Year,2023,false,,,,,,,,,,,,,10002,,,,,,10 002,,,EN,2025-12-18T16:00:00.000Z
MALARIA_CONF_CASES,Number of confirmed malaria cases,numeric,AMR,Americas,Country,BOL,Bolivia (Plurinational State of),Year,2023,false,,,,,,,,,,,,,10297,,,,,,10 297,,,EN,2025-12-18T16:00:00.000Z
MALARIA_CONF_CASES,Number of confirmed malaria cases,numeric,AFR,Africa,Country,BFA,Burkina Faso,Year,2023,false,,,,,,,,,,,,,10515380,,,,,,10 515 380,,,EN,2025-12-18T16:00:00.000Z
MALARIA_CONF_CASES,Number of confirmed malaria cases,numeric,AFR,Africa,Country,ERI,Eritrea,Year,2023,false,,,,,,,,,,,,,101402,,,,,,101 402,,,EN,2025-12-18T16:00:00.000Z
MALARIA_CONF_CASES,Number of confirmed malaria cases,numeric,AMR,Americas,Country,SUR,Suriname,Year,2023,false,,,,,,,,,,,,,102,,,,,,102,,,EN,2025-12-18T16:00:00.000Z
MALARIA_CONF_CASES,Number of confirmed malaria cases,numeric,AMR,Americas,Country,COL,Colombia,Year,2023,false,,,,,,,,,,,,,105479,,,,,,105 479,,,EN,2025-12-18T16:00:00.000Z
MALARIA_CONF_CASES,Number of confirmed malaria cases,numeric,AMR,Americas,Country,PAN,Panama,Year,2023,false,,,,,,,,,,,,,11611,,,,,,11 611,,,EN,2025-12-18T16:00:00.000Z
MALARIA_CONF_CASES,Number of confirmed malaria cases,numeric,AFR,Africa,Country,GNB,Guinea-Bissau,Year,2023,false,,,,,,,,,,,,,118080,,,,,,118 080,,,EN,2025-12-18T16:00:00.000Z
MALARIA_CONF_CASES,Number of confirmed malaria cases,numeric,AFR,Africa,Country,GMB,Gambia,Year,2023,false,,,,,,,,,,,,,118459,,,,,,118 459,,,EN,2025-12-18T16:00:00.000Z
MALARIA_CONF_CASES,Number of confirmed malaria cases,numeric,WPR,Western Pacific,Country,SLB,Solomon Islands,Year,2023,false,,,,,,,,,,,,,123476,,,,,,123 476,,,EN,2025-12-18T16:00:00.000Z
MALARIA_CONF_CASES,Number of confirmed malaria cases,numeric,AFR,Africa,Country,MOZ,Mozambique,Year,2023,false,,,,,,,,,,,,,13230613,,,,,,13 230 613,,,EN,2025-12-18T16:00:00.000Z
MALARIA_CONF_CASES,Number of confirmed malaria cases,numeric,EMR,Eastern Mediterranean,Country,SOM,Somalia,Year,2023,false,,,,,,,,,,,,,13598,,,,,,13 598,,,EN,2025-12-18T16:00:00.000Z
MALARIA_CONF_CASES,Number of confirmed malaria cases,numeric,AFR,Africa,Country,NAM,Namibia,Year,2023,false,,,,,,,,,,,,,13735,,,,,,13 735,,,EN,2025-12-18T16:00:00.000Z
MALARIA_CONF_CASES,Number of confirmed malaria cases,numeric,AMR,Americas,Country,VEN,Venezuela (Bolivarian Republic of),Year,2023,false,,,,,,,,,,,,,130077,,,,,,130 077,,,EN,2025-12-18T16:00:00.000Z
MALARIA_CONF_CASES,Number of confirmed malaria cases,numeric,WPR,Western Pacific,Country,KHM,Cambodia,Year,2023,false,,,,,,,,,,,,,1384,,,,,,1384,,,EN,2025-12-18T16:00:00.000Z
MALARIA_CONF_CASES,Number of confirmed malaria cases,numeric,AMR,Americas,Country,HTI,Haiti,Year,2023,false,,,,,,,,,,,,,14436,,,,,,14 436,,,EN,2025-12-18T16:00:00.000Z
MALARIA_CONF_CASES,Number of confirmed malaria cases,numeric,EMR,Eastern Mediterranean,Country,YEM,Yemen,Year,2023,false,,,,,,,,,,,,,146265,,,,,,146 265,,,EN,2025-12-18T16:00:00.000Z
MALARIA_CONF_CASES,Number of confirmed malaria cases,numeric,AFR,Africa,Country,UGA,Uganda,Year,2023,false,,,,,,,,,,,,,15968780,,,,,,15 968 780,,,EN,2025-12-18T16:00:00.000Z
MALARIA_CONF_CASES,Number of confirmed malaria cases,numeric,AMR,Americas,Country,ARG,Argentina,Year,2023,false,,,,,,,,,,,,,16,,,,,,16,,,EN,2025-12-18T16:00:00.000Z
MALARIA_CONF_CASES,Number of confirmed malaria cases,numeric,SEAR,South-East Asia,Country,BGD,Bangladesh,Year,2023,false,,,,,,,,,,,,,16567,,,,,,16 567,,,EN,2025-12-18T16:00:00.000Z
MALARIA_CONF_CASES,Number of confirmed malaria cases,numeric,SEAR,South-East Asia,Country,THA,Thailand,Year,2023,false,,,,,,,,,,,,,16684,,,,,,16 684,,,EN,2025-12-18T16:00:00.000Z
MALARIA_CONF_CASES,Number of confirmed malaria cases,numeric,AMR,Americas,Country,BRA,Brazil,Year,2023,false,,,,,,,,,,,,,167170,,,,,,167 170,,,EN,2025-12-18T16:00:00.000Z
MALARIA_CONF_CASES,Number of confirmed malaria cases,numeric,SEAR,South-East Asia,Country,BTN,Bhutan,Year,2023,false,,,,,,,,,,,,,18,,,,,,18,,,EN,2025-12-18T16:00:00.000Z
MALARIA_CONF_CASES,Number of confirmed malaria cases,numeric,EMR,Eastern Mediterranean,Country,AFG,Afghanistan,Year,2023,false,,,,,,,,,,,,,180045,,,,,,180 045,,,EN,2025-12-18T16:00:00.000Z
MALARIA_CONF_CASES,Number of confirmed malaria cases,numeric,EUR,Europe,Country,ARM,Armenia,Year,2023,false,,,,,,,,,,,,,2,,,,,,2,,,EN,2025-12-18T16:00:00.000Z
MALARIA_CONF_CASES,Number of confirmed malaria cases,numeric,AMR,Americas,Country,BLZ,Belize,Year,2023,false,,,,,,,,,,,,,2,,,,,,2,,,EN,2025-12-18T16:00:00.000Z
MALARIA_CONF_CASES,Number of confirmed malaria cases,numeric,AFR,Africa,Country,SLE,Sierra Leone,Year,2023,false,,,,,,,,,,,,,2090143,,,,,,2 090 143,,,EN,2025-12-18T16:00:00.000Z
MALARIA_CONF_CASES,Number of confirmed malaria cases,numeric,AFR,Africa,Country,TCD,Chad,Year,2023,false,,,,,,,,,,,,,2159037,,,,,,2 159 037,,,EN,2025-12-18T16:00:00.000Z
MALARIA_CONF_CASES,Number of confirmed malaria cases,numeric,AFR,Africa,Country,TGO,Togo,Year,2023,false,,,,,,,,,,,,,2367706,,,,,,2 367 706,,,EN,2025-12-18T16:00:00.000Z
MALARIA_CONF_CASES,Number of confirmed malaria cases,numeric,AFR,Africa,Country,GIN,Guinea,Year,2023,false,,,,,,,,,,,,,2701976,,,,,,2 701 976,,,EN,2025-12-18T16:00:00.000Z
MALARIA_CONF_CASES,Number of confirmed malaria cases,numeric,EMR,Eastern Mediterranean,Country,PAK,Pakistan,Year,2023,false,,,,,,,,,,,,,2743659,,,,,,2 743 659,,,EN,2025-12-18T16:00:00.000Z
MALARIA_CONF_CASES,Number of confirmed malaria cases,numeric,AFR,Africa,Country,MDG,Madagascar,Year,2023,false,,,,,,,,,,,,,2843013,,,,,,2 843 013,,,EN,2025-12-18T16:00:00.000Z
MALARIA_CONF_CASES,Number of confirmed malaria cases,numeric,AFR,Africa,Country,CMR,Cameroon,Year,2023,false,,,,,,,,,,,,,2977754,,,,,,2 977 754,,,EN,2025-12-18T16:00:00.000Z
MALARIA_CONF_CASES,Number of confirmed malaria cases,numeric,AFR,Africa,Country,COM,Comoros,Year,2023,false,,,,,,,,,,,,,21079,,,,,,21 079,,,EN,2025-12-18T16:00:00.000Z
MALARIA_CONF_CASES,Number of confirmed malaria cases,numeric,AMR,Americas,Country,PER,Peru,Year,2023,false,,,,,,,,,,,,,22625,,,,,,22 625,,,EN,2025-12-18T16:00:00.000Z
MALARIA_CONF_CASES,Number of confirmed malaria cases,numeric,WPR,Western Pacific,Country,VUT,Vanuatu,Year,2023,false,,,,,,,,,,,,,2261,,,,,,2261,,,EN,2025-12-18T16:00:00.000Z
MALARIA_CONF_CASES,Number of confirmed malaria cases,numeric,SEAR,South-East Asia,Country,IND,India,Year,2023,false,,,,,,,,,,,,,227564,,,,,,227 564,,,EN,2025-12-18T16:00:00.000Z
MALARIA_CONF_CASES,Number of confirmed malaria cases,numeric,SEAR,South-East Asia,Country,MMR,Myanmar,Year,2023,false,,,,,,,,,,,,,228567,,,,,,228 567,,,EN,2025-12-18T16:00:00.000Z
MALARIA_CONF_CASES,Number of confirmed malaria cases,numeric,AFR,Africa,Country,STP,Sao Tome and Principe,Year,2023,false,,,,,,,,,,,,,2368,,,,,,2368,,,EN,2025-12-18T16:00:00.000Z
MALARIA_CONF_CASES,Number of confirmed malaria cases,numeric,AFR,Africa,Country,NGA,Nigeria,Year,2023,false,,,,,,,,,,,,,24098323,,,,,,24 098 323,,,EN,2025-12-18T16:00:00.000Z
MALARIA_CONF_CASES,Number of confirmed malaria cases,numeric,AFR,Africa,Country,ZWE,Zimbabwe,Year,2023,false,,,,,,,,,,,,,248699,,,,,,248 699,,,EN,2025-12-18T16:00:00.000Z
MALARIA_CONF_CASES,Number of confirmed malaria cases,numeric,AMR,Americas,Country,HND,Honduras,Year,2023,false,,,,,,,,,,,,,2631,,,,,,2631,,,EN,2025-12-18T16:00:00.000Z
MALARIA_CONF_CASES,Number of confirmed malaria cases,numeric,AFR,Africa,Country,COD,Democratic Republic of the Congo,Year,2023,false,,,,,,,,,,,,,27657762,,,,,,27 657 762,,,EN,2025-12-18T16:00:00.000Z
MALARIA_CONF_CASES,Number of confirmed malaria cases,numeric,AMR,Americas,Country,DOM,Dominican Republic,Year,2023,false,,,,,,,,,,,,,271,,,,,,271,,,EN,2025-12-18T16:00:00.000Z
MALARIA_CONF_CASES,Number of confirmed malaria cases,numeric,AMR,Americas,Country,GUY,Guyana,Year,2023,false,,,,,,,,,,,,,28776,,,,,,28 776,,,EN,2025-12-18T16:00:00.000Z
MALARIA_CONF_CASES,Number of confirmed malaria cases,numeric,EUR,Europe,Country,GEO,Georgia,Year,2023,false,,,,,,,,,,,,,3,,,,,,3,,,EN,2025-12-18T16:00:00.000Z
MALARIA_CONF_CASES,Number of confirmed malaria cases,numeric,AFR,Africa,Country,ETH,Ethiopia,Year,2023,false,,,,,,,,,,,,,3199368,,,,,,3 199 368,,,EN,2025-12-18T16:00:00.000Z
MALARIA_CONF_CASES,Number of confirmed malaria cases,numeric,AFR,Africa,Country,MLI,Mali,Year,2023,false,,,,,,,,,,,,,3360557,,,,,,3 360 557,,,EN,2025-12-18T16:00:00.000Z
MALARIA_CONF_CASES,Number of confirmed malaria cases,numeric,AFR,Africa,Country,SSD,South Sudan,Year,2023,false,,,,,,,,,,,,,3428237,,,,,,3 428 237,,,EN,2025-12-18T16:00:00.000Z
MALARIA_CONF_CASES,Number of confirmed malaria cases,numeric,AFR,Africa,Country,TZA,United Republic of Tanzania,Year,2023,false,,,,,,,,,,,,,3772781,,,,,,3 772 781,,,EN,2025-12-18T16:00:00.000Z
MALARIA_CONF_CASES,Number of confirmed malaria cases,numeric,AMR,Americas,Country,GTM,Guatemala,Year,2023,false,,,,,,,,,,,,,3053,,,,,,3053,,,EN,2025-12-18T16:00:00.000Z
MALARIA_CONF_CASES,Number of confirmed malaria cases,numeric,AFR,Africa,Country,MRT,Mauritania,Year,2023,false,,,,,,,,,,,,,31424,,,,,,31 424,,,EN,2025-12-18T16:00:00.000Z
MALARIA_CONF_CASES,Number of confirmed malaria cases,numeric,AFR,Africa,Country,SEN,Senegal,Year,2023,false,,,,,,,,,,,,,310385,,,,,,310 385,,,EN,2025-12-18T16:00:00.000Z
MALARIA_CONF_CASES,Number of confirmed malaria cases,numeric,SEAR,South-East Asia,Country,PRK,Democratic People's Republic of Korea,Year,2023,false,,,,,,,,,,,,,3160,,,,,,3160,,,EN,2025-12-18T16:00:00.000Z
MALARIA_CONF_CASES,Number of confirmed malaria cases,numeric,AMR,Americas,Country,GUF,French Guiana,Year,2023,false,,,,,,,,,,,,,340,,,,,,340,,,EN,2025-12-18T16:00:00.000Z
MALARIA_CONF_CASES,Number of confirmed malaria cases,numeric,AMR,Americas,Country,MEX,Mexico,Year,2023,false,,,,,,,,,,,,,343,,,,,,343,,,EN,2025-12-18T16:00:00.000Z
MALARIA_CONF_CASES,Number of confirmed malaria cases,numeric,EMR,Eastern Mediterranean,Country,SDN,Sudan,Year,2023,false,,,,,,,,,,,,,354412,,,,,,354 412,,,EN,2025-12-18T16:00:00.000Z
MALARIA_CONF_CASES,Number of confirmed malaria cases,numeric,WPR,Western Pacific,Country,MYS,Malaysia,Year,2023,false,,,,,,,,,,,,,3629,,,,,,3629,,,EN,2025-12-18T16:00:00.000Z
MALARIA_CONF_CASES,Number of confirmed malaria cases,numeric,AFR,Africa,Country,CPV,Cabo Verde,Year,2023,false,,,,,,,,,,,,,37,,,,,,37,,,EN,2025-12-18T16:00:00.000Z
MALARIA_CONF_CASES,Number of confirmed malaria cases,numeric,AFR,Africa,Country,MYT,Mayotte,Year,2023,false,,,,,,,,,,,,,38,,,,,,38,,,EN,2025-12-18T16:00:00.000Z
MALARIA_CONF_CASES,Number of confirmed malaria cases,numeric,EMR,Eastern Mediterranean,Country,DJI,Djibouti,Year,2023,false,,,,,,,,,,,,,38944,,,,,,38 944,,,EN,2025-12-18T16:00:00.000Z
MALARIA_CONF_CASES,Number of confirmed malaria cases,numeric,EUR,Europe,Country,UZB,Uzbekistan,Year,2023,false,,,,,,,,,,,,,4,,,,,,4,,,EN,2025-12-18T16:00:00.000Z
MALARIA_CONF_CASES,Number of confirmed malaria cases,numeric,AFR,Africa,Country,NER,Niger,Year,2023,false,,,,,,,,,,,,,4409695,,,,,,4 409 695,,,EN,2025-12-18T16:00:00.000Z
MALARIA_CONF_CASES,Number of confirmed malaria cases,numeric,WPR,Western Pacific,Country,IDN,Indonesia,Year,2023,false,,,,,,,,,,,,,418437,,,,,,418 437,,,EN,2025-12-18T16:00:00.000Z
MALARIA_CONF_CASES,Number of confirmed malaria cases,numeric,AFR,Africa,Country,DZA,Algeria,Year,2023,false,,,,,,,,,,,,,427,,,,,,427,,,EN,2025-12-18T16:00:00.000Z
MALARIA_CONF_CASES,Number of confirmed malaria cases,numeric,WPR,Western Pacific,Country,VNM,Viet Nam,Year,2023,false,,,,,,,,,,,,,453,,,,,,453,,,EN,2025-12-18T16:00:00.000Z
MALARIA_CONF_CASES,Number of confirmed malaria cases,numeric,AFR,Africa,Country,BDI,Burundi,Year,2023,false,,,,,,,,,,,,,5605763,,,,,,5 605 763,,,EN,2025-12-18T16:00:00.000Z
MALARIA_CONF_CASES,Number of confirmed malaria cases,numeric,AFR,Africa,Country,KEN,Kenya,Year,2023,false,,,,,,,,,,,,,5619026,,,,,,5 619 026,,,EN,2025-12-18T16:00:00.000Z
MALARIA_CONF_CASES,Number of confirmed malaria cases,numeric,AFR,Africa,Country,GHA,Ghana,Year,2023,false,,,,,,,,,,,,,5693888,,,,,,5 693 888,,,EN,2025-12-18T16:00:00.000Z
MALARIA_CONF_CASES,Number of confirmed malaria cases,numeric,AFR,Africa,Country,COG,Congo,Year,2023,false,,,,,,,,,,,,,517937,,,,,,517 937,,,EN,2025-12-18T16:00:00.000Z
MALARIA_CONF_CASES,Number of confirmed malaria cases,numeric,AFR,Africa,Country,RWA,Rwanda,Year,2023,false,,,,,,,,,,,,,549326,,,,,,549 326,,,EN,2025-12-18T16:00:00.000Z
MALARIA_CONF_CASES,Number of confirmed malaria cases,numeric,AFR,Africa,Country,GAB,Gabon,Year,2023,false,,,,,,,,,,,,,59248,,,,,,59 248,,,EN,2025-12-18T16:00:00.000Z
MALARIA_CONF_CASES,Number of confirmed malaria cases,numeric,AFR,Africa,Country,MWI,Malawi,Year,2023,false,,,,,,,,,,,,,6426150,,,,,,6 426 150,,,EN,2025-12-18T16:00:00.000Z
MALARIA_CONF_CASES,Number of confirmed malaria cases,numeric,WPR,Western Pacific,Country,PHL,Philippines,Year,2023,false,,,,,,,,,,,,,6248,,,,,,6248,,,EN,2025-12-18T16:00:00.000Z
MALARIA_CONF_CASES,Number of confirmed malaria cases,numeric,SEAR,South-East Asia,Country,LKA,Sri Lanka,Year,2023,false,,,,,,,,,,,,,63,,,,,,63,,,EN,2025-12-18T16:00:00.000Z
MALARIA_CONF_CASES,Number of confirmed malaria cases,numeric,AMR,Americas,Country,CRI,Costa Rica,Year,2023,false,,,,,,,,,,,,,641,,,,,,641,,,EN,2025-12-18T16:00:00.000Z
MALARIA_CONF_CASES,Number of confirmed malaria cases,numeric,EMR,Eastern Mediterranean,Country,SAU,Saudi Arabia,Year,2023,false,,,,,,,,,,,,,6460,,,,,,6460,,,EN,2025-12-18T16:00:00.000Z
MALARIA_CONF_CASES,Number of confirmed malaria cases,numeric,AFR,Africa,Country,BWA,Botswana,Year,2023,false,,,,,,,,,,,,,651,,,,,,651,,,EN,2025-12-18T16:00:00.000Z
MALARIA_CONF_CASES,Number of confirmed malaria cases,numeric,SEAR,South-East Asia,Country,NPL,Nepal,Year,2023,false,,,,,,,,,,,,,665,,,,,,665,,,EN,2025-12-18T16:00:00.000Z
MALARIA_CONF_CASES,Number of confirmed malaria cases,numeric,WPR,Western Pacific,Country,LAO,Lao People's Democratic Republic,Year,2023,false,,,,,,,,,,,,,695,,,,,,695,,,EN,2025-12-18T16:00:00.000Z
MALARIA_CONF_CASES,Number of confirmed malaria cases,numeric,AMR,Americas,Country,NIC,Nicaragua,Year,2023,false,,,,,,,,,,,,,7008,,,,,,7008,,,EN,2025-12-18T16:00:00.000Z
MALARIA_CONF_CASES,Number of confirmed malaria cases,numeric,WPR,Western Pacific,Country,KOR,Republic of Korea,Year,2023,false,,,,,,,,,,,,,747,,,,,,747,,,EN,2025-12-18T16:00:00.000Z
MALARIA_CONF_CASES,Number of confirmed malaria cases,numeric,AMR,Americas,Country,ECU,Ecuador,Year,2023,false,,,,,,,,,,,,,757,,,,,,757,,,EN,2025-12-18T16:00:00.000Z
MALARIA_CONF_CASES,Number of confirmed malaria cases,numeric,AFR,Africa,Country,GNQ,Equatorial Guinea,Year,2023,false,,,,,,,,,,,,,76921,,,,,,76 921,,,EN,2025-12-18T16:00:00.000Z
MALARIA_CONF_CASES,Number of confirmed malaria cases,numeric,AMR,Americas,Country,SLV,El Salvador,Year,2023,false,,,,,,,,,,,,,8,,,,,,8,,,EN,2025-12-18T16:00:00.000Z
MALARIA_CONF_CASES,Number of confirmed malaria cases,numeric,AFR,Africa,Country,ZMB,Zambia,Year,2023,false,,,,,,,,,,,,,8318536,,,,,,8 318 536,,,EN,2025-12-18T16:00:00.000Z
MALARIA_CONF_CASES,Number of confirmed malaria cases,numeric,AFR,Africa,Country,CIV,Cote d'Ivoire,Year,2023,false,,,,,,,,,,,,,8388526,,,,,,8 388 526,,,EN,2025-12-18T16:00:00.000Z
MALARIA_CONF_CASES,Number of confirmed malaria cases,numeric,AFR,Africa,Country,LBR,Liberia,Year,2023,false,,,,,,,,,,,,,814113,,,,,,814 113,,,EN,2025-12-18T16:00:00.000Z
MALARIA_CONF_CASES,Number of confirmed malaria cases,numeric,WPR,Western Pacific,Country,PNG,Papua New Guinea,Year,2023,false,,,,,,,,,,,,,839537,,,,,,839 537,,,EN,2025-12-18T16:00:00.000Z
MALARIA_CONF_CASES,Number of confirmed malaria cases,numeric,AFR,Africa,Country,SWZ,Eswatini,Year,2023,false,,,,,,,,,,,,,845,,,,,,845,,,EN,2025-12-18T16:00:00.000Z
MALARIA_CONF_CASES,Number of confirmed malaria cases,numeric,EUR,Europe,Country,TJK,Tajikistan,Year,2023,false,,,,,,,,,,,,,9,,,,,,9,,,EN,2025-12-18T16:00:00.000Z
MALARIA_CONF_CASES,Number of confirmed malaria cases,numeric,SEAR,South-East Asia,Country,TLS,Timor-Leste,Year,2023,false,,,,,,,,,,,,,9,,,,,,9,,,EN,2025-12-18T16:00:00.000Z
MALARIA_CONF_CASES,Number of confirmed malaria cases,numeric,AFR,Africa,Country,AGO,Angola,Year,2023,false,,,,,,,,,,,,,9098006,,,,,,9 098 006,,,EN,2025-12-18T16:00:00.000Z
MALARIA_CONF_CASES,Number of confirmed malaria cases,numeric,AFR,Africa,Country,ZAF,South Africa,Year,2023,false,,,,,,,,,,,,,9890,,,,,,9890,,,EN,2025-12-18T16:00:00.000Z
MALARIA_CONF_CASES,Number of confirmed malaria cases,numeric,AMR,Americas,Country,BLZ,Belize,Year,2022,false,,,,,,,,,,,,,0,,,,,,0,,,EN,2025-12-18T16:00:00.000Z
MALARIA_CONF_CASES,Number of confirmed malaria cases,numeric,EUR,Europe,Country,AZE,Azerbaijan,Year,2022,false,,,,,,,,,,,,,1,,,,,,1,,,EN,2025-12-18T16:00:00.000Z
MALARIA_CONF_CASES,Number of confirmed malaria cases,numeric,AMR,Americas,Country,SLV,El Salvador,Year,2022,false,,,,,,,,,,,,,1,,,,,,1,,,EN,2025-12-18T16:00:00.000Z
MALARIA_CONF_CASES,Number of confirmed malaria cases,numeric,EUR,Europe,Country,TJK,Tajikistan,Year,2022,false,,,,,,,,,,,,,1,,,,,,1,,,EN,2025-12-18T16:00:00.000Z
MALARIA_CONF_CASES,Number of confirmed malaria cases,numeric,EMR,Eastern Mediterranean,Country,SDN,Sudan,Year,2022,false,,,,,,,,,,,,,1355789,,,,,,1 355 789,,,EN,2025-12-18T16:00:00.000Z
MALARIA_CONF_CASES,Number of confirmed malaria cases,numeric,AFR,Africa,Country,TCD,Chad,Year,2022,false,,,,,,,,,,,,,1671060,,,,,,1 671 060,,,EN,2025-12-18T16:00:00.000Z
MALARIA_CONF_CASES,Number of confirmed malaria cases,numeric,AFR,Africa,Country,MDG,Madagascar,Year,2022,false,,,,,,,,,,,,,1679547,,,,,,1 679 547,,,EN,2025-12-18T16:00:00.000Z
MALARIA_CONF_CASES,Number of confirmed malaria cases,numeric,AFR,Africa,Country,ETH,Ethiopia,Year,2022,false,,,,,,,,,,,,,1732562,,,,,,1 732 562,,,EN,2025-12-18T16:00:00.000Z
MALARIA_CONF_CASES,Number of confirmed malaria cases,numeric,AFR,Africa,Country,SLE,Sierra Leone,Year,2022,false,,,,,,,,,,,,,1768419,,,,,,1 768 419,,,EN,2025-12-18T16:00:00.000Z
MALARIA_CONF_CASES,Number of confirmed malaria cases,numeric,EMR,Eastern Mediterranean,Country,PAK,Pakistan,Year,2022,false,,,,,,,,,,,,,1824396,,,,,,1 824 396,,,EN,2025-12-18T16:00:00.000Z
MALARIA_CONF_CASES,Number of confirmed malaria cases,numeric,AMR,Americas,Country,ARG,Argentina,Year,2022,false,,,,,,,,,,,,,10,,,,,,10,,,EN,2025-12-18T16:00:00.000Z
MALARIA_CONF_CASES,Number of confirmed malaria cases,numeric,SEAR,South-East Asia,Country,THA,Thailand,Year,2022,false,,,,,,,,,,,,,10154,,,,,,10 154,,,EN,2025-12-18T16:00:00.000Z
MALARIA_CONF_CASES,Number of confirmed malaria cases,numeric,AMR,Americas,Country,BOL,Bolivia (Plurinational State of),Year,2022,false,,,,,,,,,,,,,10330,,,,,,10 330,,,EN,2025-12-18T16:00:00.000Z
MALARIA_CONF_CASES,Number of confirmed malaria cases,numeric,WPR,Western Pacific,Country,SLB,Solomon Islands,Year,2022,false,,,,,,,,,,,,,100995,,,,,,100 995,,,EN,2025-12-18T16:00:00.000Z
MALARIA_CONF_CASES,Number of confirmed malaria cases,numeric,AFR,Africa,Country,BFA,Burkina Faso,Year,2022,false,,,,,,,,,,,,,11415559,,,,,,11 415 559,,,EN,2025-12-18T16:00:00.000Z
MALARIA_CONF_CASES,Number of confirmed malaria cases,numeric,EMR,Eastern Mediterranean,Country,SOM,Somalia,Year,2022,false,,,,,,,,,,,,,11550,,,,,,11 550,,,EN,2025-12-18T16:00:00.000Z
MALARIA_CONF_CASES,Number of confirmed malaria cases,numeric,AFR,Africa,Country,NAM,Namibia,Year,2022,false,,,,,,,,,,,,,11849,,,,,,11 849,,,EN,2025-12-18T16:00:00.000Z
MALARIA_CONF_CASES,Number of confirmed malaria cases,numeric,WPR,Western Pacific,Country,VUT,Vanuatu,Year,2022,false,,,,,,,,,,,,,1143,,,,,,1143,,,EN,2025-12-18T16:00:00.000Z
MALARIA_CONF_CASES,Number of confirmed malaria cases,numeric,AFR,Africa,Country,GMB,Gambia,Year,2022,false,,,,,,,,,,,,,119104,,,,,,119 104,,,EN,2025-12-18T16:00:00.000Z
MALARIA_CONF_CASES,Number of confirmed malaria cases,numeric,AFR,Africa,Country,MOZ,Mozambique,Year,2022,false,,,,,,,,,,,,,12387459,,,,,,12 387 459,,,EN,2025-12-18T16:00:00.000Z
MALARIA_CONF_CASES,Number of confirmed malaria cases,numeric,EMR,Eastern Mediterranean,Country,AFG,Afghanistan,Year,2022,false,,,,,,,,,,,,,125620,,,,,,125 620,,,EN,2025-12-18T16:00:00.000Z
MALARIA_CONF_CASES,Number of confirmed malaria cases,numeric,AFR,Africa,Country,DZA,Algeria,Year,2022,false,,,,,,,,,,,,,1292,,,,,,1292,,,EN,2025-12-18T16:00:00.000Z
MALARIA_CONF_CASES,Number of confirmed malaria cases,numeric,AMR,Americas,Country,HTI,Haiti,Year,2022,false,,,,,,,,,,,,,14757,,,,,,14 757,,,EN,2025-12-18T16:00:00.000Z
MALARIA_CONF_CASES,Number of confirmed malaria cases,numeric,AFR,Africa,Country,ZWE,Zimbabwe,Year,2022,false,,,,,,,,,,,,,141076,,,,,,141 076,,,EN,2025-12-18T16:00:00.000Z
MALARIA_CONF_CASES,Number of confirmed malaria cases,numeric,AMR,Americas,Country,VEN,Venezuela (Bolivarian Republic of),Year,2022,false,,,,,,,,,,,,,151458,,,,,,151 458,,,EN,2025-12-18T16:00:00.000Z
MALARIA_CONF_CASES,Number of confirmed malaria cases,numeric,AMR,Americas,Country,BRA,Brazil,Year,2022,false,,,,,,,,,,,,,151530,,,,,,151 530,,,EN,2025-12-18T16:00:00.000Z
MALARIA_CONF_CASES,Number of confirmed malaria cases,numeric,EMR,Eastern Mediterranean,Country,YEM,Yemen,Year,2022,false,,,,,,,,,,,,,155127,,,,,,155 127,,,EN,2025-12-18T16:00:00.000Z
MALARIA_CONF_CASES,Number of confirmed malaria cases,numeric,SEAR,South-East Asia,Country,MMR,Myanmar,Year,2022,false,,,,,,,,,,,,,158004,,,,,,158 004,,,EN,2025-12-18T16:00:00.000Z
MALARIA_CONF_CASES,Number of confirmed malaria cases,numeric,AMR,Americas,Country,NIC,Nicaragua,Year,2022,false,,,,,,,,,,,,,16158,,,,,,16 158,,,EN,2025-12-18T16:00:00.000Z
MALARIA_CONF_CASES,Number of confirmed malaria cases,numeric,AMR,Americas,Country,ECU,Ecuador,Year,2022,false,,,,,,,,,,,,,1666,,,,,,1666,,,EN,2025-12-18T16:00:00.000Z
MALARIA_CONF_CASES,Number of confirmed malaria cases,numeric,SEAR,South-East Asia,Country,IND,India,Year,2022,false,,,,,,,,,,,,,176522,,,,,,176 522,,,EN,2025-12-18T16:00:00.000Z
MALARIA_CONF_CASES,Number of confirmed malaria cases,numeric,SEAR,South-East Asia,Country,BGD,Bangladesh,Year,2022,false,,,,,,,,,,,,,18246,,,,,,18 246,,,EN,2025-12-18T16:00:00.000Z
MALARIA_CONF_CASES,Number of confirmed malaria cases,numeric,AFR,Africa,Country,GNB,Guinea-Bissau,Year,2022,false,,,,,,,,,,,,,185156,,,,,,185 156,,,EN,2025-12-18T16:00:00.000Z
MALARIA_CONF_CASES,Number of confirmed malaria cases,numeric,AMR,Americas,Country,GTM,Guatemala,Year,2022,false,,,,,,,,,,,,,1856,,,,,,1856,,,EN,2025-12-18T16:00:00.000Z
MALARIA_CONF_CASES,Number of confirmed malaria cases,numeric,AFR,Africa,Country,UGA,Uganda,Year,2022,false,,,,,,,,,,,,,19185472,,,,,,19 185 472,,,EN,2025-12-18T16:00:00.000Z
MALARIA_CONF_CASES,Number of confirmed malaria cases,numeric,EUR,Europe,Country,ARM,Armenia,Year,2022,false,,,,,,,,,,,,,2,,,,,,2,,,EN,2025-12-18T16:00:00.000Z
MALARIA_CONF_CASES,Number of confirmed malaria cases,numeric,SEAR,South-East Asia,Country,TLS,Timor-Leste,Year,2022,false,,,,,,,,,,,,,2,,,,,,2,,,EN,2025-12-18T16:00:00.000Z
MALARIA_CONF_CASES,Number of confirmed malaria cases,numeric,AFR,Africa,Country,TGO,Togo,Year,2022,false,,,,,,,,,,,,,2222943,,,,,,2 222 943,,,EN,2025-12-18T16:00:00.000Z
MALARIA_CONF_CASES,Number of confirmed malaria cases,numeric,AFR,Africa,Country,CAF,Central African Republic,Year,2022,false,,,,,,,,,,,,,2247250,,,,,,2 247 250,,,EN,2025-12-18T16:00:00.000Z
MALARIA_CONF_CASES,Number of confirmed malaria cases,numeric,AFR,Africa,Country,GIN,Guinea,Year,2022,false,,,,,,,,,,,,,2474774,,,,,,2 474 774,,,EN,2025-12-18T16:00:00.000Z
MALARIA_CONF_CASES,Number of confirmed malaria cases,numeric,AFR,Africa,Country,SSD,South Sudan,Year,2022,false,,,,,,,,,,,,,2527657,,,,,,2 527 657,,,EN,2025-12-18T16:00:00.000Z
MALARIA_CONF_CASES,Number of confirmed malaria cases,numeric,AFR,Africa,Country,BEN,Benin,Year,2022,false,,,,,,,,,,,,,2557084,,,,,,2 557 084,,,EN,2025-12-18T16:00:00.000Z
MALARIA_CONF_CASES,Number of confirmed malaria cases,numeric,AFR,Africa,Country,COM,Comoros,Year,2022,false,,,,,,,,,,,,,20681,,,,,,20 681,,,EN,2025-12-18T16:00:00.000Z
MALARIA_CONF_CASES,Number of confirmed malaria cases,numeric,AMR,Americas,Country,GUY,Guyana,Year,2022,false,,,,,,,,,,,,,20769,,,,,,20 769,,,EN,2025-12-18T16:00:00.000Z
MALARIA_CONF_CASES,Number of confirmed malaria cases,numeric,SEAR,South-East Asia,Country,PRK,Democratic People's Republic of Korea,Year,2022,false,,,,,,,,,,,,,2136,,,,,,2136,,,EN,2025-12-18T16:00:00.000Z
MALARIA_CONF_CASES,Number of confirmed malaria cases,numeric,AFR,Africa,Country,NGA,Nigeria,Year,2022,false,,,,,,,,,,,,,23050405,,,,,,23 050 405,,,EN,2025-12-18T16:00:00.000Z
MALARIA_CONF_CASES,Number of confirmed malaria cases,numeric,WPR,Western Pacific,Country,LAO,Lao People's Democratic Republic,Year,2022,false,,,,,,,,,,,,,2340,,,,,,2340,,,EN,2025-12-18T16:00:00.000Z
MALARIA_CONF_CASES,Number of confirmed malaria cases,numeric,AMR,Americas,Country,MEX,Mexico,Year,2022,false,,,,,,,,,,,,,239,,,,,,239,,,EN,2025-12-18T16:00:00.000Z
MALARIA_CONF_CASES,Number of confirmed malaria cases,numeric,AFR,Africa,Country,CPV,Cabo Verde,Year,2022,false,,,,,,,,,,,,,27,,,,,,27,,,EN,2025-12-18T16:00:00.000Z
MALARIA_CONF_CASES,Number of confirmed malaria cases,numeric,AFR,Africa,Country,COD,Democratic Republic of the Congo,Year,2022,false,,,,,,,,,,,,,27296419,,,,,,27 296 419,,,EN,2025-12-18T16:00:00.000Z
MALARIA_CONF_CASES,Number of confirmed malaria cases,numeric,AMR,Americas,Country,PER,Peru,Year,2022,false,,,,,,,,,,,,,27785,,,,,,27 785,,,EN,2025-12-18T16:00:00.000Z
MALARIA_CONF_CASES,Number of confirmed malaria cases,numeric,WPR,Western Pacific,Country,MYS,Malaysia,Year,2022,false,,,,,,,,,,,,,2807,,,,,,2807,,,EN,2025-12-18T16:00:00.000Z
MALARIA_CONF_CASES,Number of confirmed malaria cases,numeric,AMR,Americas,Country,PRY,Paraguay,Year,2022,false,,,,,,,,,,,,,3,,,,,,3,,,EN,2025-12-18T16:00:00.000Z
MALARIA_CONF_CASES,Number of confirmed malaria cases,numeric,AFR,Africa,Country,CMR,Cameroon,Year,2022,false,,,,,,,,,,,,,3327381,,,,,,3 327 381,,,EN,2025-12-18T16:00:00.000Z
MALARIA_CONF_CASES,Number of confirmed malaria cases,numeric,AFR,Africa,Country,TZA,United Republic of Tanzania,Year,2022,false,,,,,,,,,,,,,3661208,,,,,,3 661 208,,,EN,2025-12-18T16:00:00.000Z
MALARIA_CONF_CASES,Number of confirmed malaria cases,numeric,AFR,Africa,Country,MLI,Mali,Year,2022,false,,,,,,,,,,,,,3771426,,,,,,3 771 426,,,EN,2025-12-18T16:00:00.000Z
MALARIA_CONF_CASES,Number of confirmed malaria cases,numeric,WPR,Western Pacific,Country,PHL,Philippines,Year,2022,false,,,,,,,,,,,,,3245,,,,,,3245,,,EN,2025-12-18T16:00:00.000Z
MALARIA_CONF_CASES,Number of confirmed malaria cases,numeric,AMR,Americas,Country,DOM,Dominican Republic,Year,2022,false,,,,,,,,,,,,,337,,,,,,337,,,EN,2025-12-18T16:00:00.000Z
MALARIA_CONF_CASES,Number of confirmed malaria cases,numeric,AMR,Americas,Country,HND,Honduras,Year,2022,false,,,,,,,,,,,,,3580,,,,,,3580,,,EN,2025-12-18T16:00:00.000Z
MALARIA_CONF_CASES,Number of confirmed malaria cases,numeric,AFR,Africa,Country,COG,Congo,Year,2022,false,,,,,,,,,,,,,364466,,,,,,364 466,,,EN,2025-12-18T16:00:00.000Z
MALARIA_CONF_CASES,Number of confirmed malaria cases,numeric,AFR,Africa,Country,SWZ,Eswatini,Year,2022,false,,,,,,,,,,,,,369,,,,,,369,,,EN,2025-12-18T16:00:00.000Z
MALARIA_CONF_CASES,Number of confirmed malaria cases,numeric,SEAR,South-East Asia,Country,LKA,Sri Lanka,Year,2022,false,,,,,,,,,,,,,37,,,,,,37,,,EN,2025-12-18T16:00:00.000Z
MALARIA_CONF_CASES,Number of confirmed malaria cases,numeric,AFR,Africa,Country,STP,Sao Tome and Principe,Year,2022,false,,,,,,,,,,,,,3979,,,,,,3979,,,EN,2025-12-18T16:00:00.000Z
MALARIA_CONF_CASES,Number of confirmed malaria cases,numeric,AFR,Africa,Country,MWI,Malawi,Year,2022,false,,,,,,,,,,,,,4196890,,,,,,4 196 890,,,EN,2025-12-18T16:00:00.000Z
MALARIA_CONF_CASES,Number of confirmed malaria cases,numeric,AFR,Africa,Country,KEN,Kenya,Year,2022,false,,,,,,,,,,,,,4890691,,,,,,4 890 691,,,EN,2025-12-18T16:00:00.000Z
MALARIA_CONF_CASES,Number of confirmed malaria cases,numeric,EMR,Eastern Mediterranean,Country,DJI,Djibouti,Year,2022,false,,,,,,,,,,,,,40648,,,,,,40 648,,,EN,2025-12-18T16:00:00.000Z
MALARIA_CONF_CASES,Number of confirmed malaria cases,numeric,WPR,Western Pacific,Country,KHM,Cambodia,Year,2022,false,,,,,,,,,,,,,4053,,,,,,4053,,,EN,2025-12-18T16:00:00.000Z
MALARIA_CONF_CASES,Number of confirmed malaria cases,numeric,AFR,Africa,Country,MRT,Mauritania,Year,2022,false,,,,,,,,,,,,,41901,,,,,,41 901,,,EN,2025-12-18T16:00:00.000Z
MALARIA_CONF_CASES,Number of confirmed malaria cases,numeric,WPR,Western Pacific,Country,KOR,Republic of Korea,Year,2022,false,,,,,,,,,,,,,428,,,,,,428,,,EN,2025-12-18T16:00:00.000Z
MALARIA_CONF_CASES,Number of confirmed malaria cases,numeric,EMR,Eastern Mediterranean,Country,SAU,Saudi Arabia,Year,2022,false,,,,,,,,,,,,,4319,,,,,,4319,,,EN,2025-12-18T16:00:00.000Z
MALARIA_CONF_CASES,Number of confirmed malaria cases,numeric,WPR,Western Pacific,Country,IDN,Indonesia,Year,2022,false,,,,,,,,,,,,,443530,,,,,,443 530,,,EN,2025-12-18T16:00:00.000Z
MALARIA_CONF_CASES,Number of confirmed malaria cases,numeric,AFR,Africa,Country,SEN,Senegal,Year,2022,false,,,,,,,,,,,,,445992,,,,,,445 992,,,EN,2025-12-18T16:00:00.000Z
MALARIA_CONF_CASES,Number of confirmed malaria cases,numeric,AFR,Africa,Country,BWA,Botswana,Year,2022,false,,,,,,,,,,,,,446,,,,,,446,,,EN,2025-12-18T16:00:00.000Z
MALARIA_CONF_CASES,Number of confirmed malaria cases,numeric,AFR,Africa,Country,GAB,Gabon,Year,2022,false,,,,,,,,,,,,,45783,,,,,,45 783,,,EN,2025-12-18T16:00:00.000Z
MALARIA_CONF_CASES,Number of confirmed malaria cases,numeric,WPR,Western Pacific,Country,VNM,Viet Nam,Year,2022,false,,,,,,,,,,,,,455,,,,,,455,,,EN,2025-12-18T16:00:00.000Z
MALARIA_CONF_CASES,Number of confirmed malaria cases,numeric,AMR,Americas,Country,CRI,Costa Rica,Year,2022,false,,,,,,,,,,,,,462,,,,,,462,,,EN,2025-12-18T16:00:00.000Z
MALARIA_CONF_CASES,Number of confirmed malaria cases,numeric,AFR,Africa,Country,NER,Niger,Year,2022,false,,,,,,,,,,,,,5166412,,,,,,5 166 412,,,EN,2025-12-18T16:00:00.000Z
MALARIA_CONF_CASES,Number of confirmed malaria cases,numeric,AFR,Africa,Country,GHA,Ghana,Year,2022,false,,,,,,,,,,,,,5239236,,,,,,5 239 236,,,EN,2025-12-18T16:00:00.000Z
MALARIA_CONF_CASES,Number of confirmed malaria cases,numeric,AMR,Americas,Country,GUF,French Guiana,Year,2022,false,,,,,,,,,,,,,51,,,,,,51,,,EN,2025-12-18T16:00:00.000Z
MALARIA_CONF_CASES,Number of confirmed malaria cases,numeric,SEAR,South-East Asia,Country,NPL,Nepal,Year,2022,false,,,,,,,,,,,,,512,,,,,,512,,,EN,2025-12-18T16:00:00.000Z
MALARIA_CONF_CASES,Number of confirmed malaria cases,numeric,EMR,Eastern Mediterranean,Country,IRN,Iran (Islamic Republic of),Year,2022,false,,,,,,,,,,,,,5677,,,,,,5677,,,EN,2025-12-18T16:00:00.000Z
MALARIA_CONF_CASES,Number of confirmed malaria cases,numeric,SEAR,South-East Asia,Country,BTN,Bhutan,Year,2022,false,,,,,,,,,,,,,6,,,,,,6,,,EN,2025-12-18T16:00:00.000Z
MALARIA_CONF_CASES,Number of confirmed malaria cases,numeric,AMR,Americas,Country,SUR,Suriname,Year,2022,false,,,,,,,,,,,,,61,,,,,,61,,,EN,2025-12-18T16:00:00.000Z
MALARIA_CONF_CASES,Number of confirmed malaria cases,numeric,AFR,Africa,Country,ERI,Eritrea,Year,2022,false,,,,,,,,,,,,,65063,,,,,,65 063,,,EN,2025-12-18T16:00:00.000Z
MALARIA_CONF_CASES,Number of confirmed malaria cases,numeric,AFR,Africa,Country,LBR,Liberia,Year,2022,false,,,,,,,,,,,,,696684,,,,,,696 684,,,EN,2025-12-18T16:00:00.000Z
MALARIA_CONF_CASES,Number of confirmed malaria cases,numeric,AFR,Africa,Country,AGO,Angola,Year,2022,false,,,,,,,,,,,,,7858860,,,,,,7 858 860,,,EN,2025-12-18T16:00:00.000Z
MALARIA_CONF_CASES,Number of confirmed malaria cases,numeric,AFR,Africa,Country,GNQ,Equatorial Guinea,Year,2022,false,,,,,,,,,,,,,71204,,,,,,71 204,,,EN,2025-12-18T16:00:00.000Z
MALARIA_CONF_CASES,Number of confirmed malaria cases,numeric,AMR,Americas,Country,PAN,Panama,Year,2022,false,,,,,,,,,,,,,7173,,,,,,7173,,,EN,2025-12-18T16:00:00.000Z
MALARIA_CONF_CASES,Number of confirmed malaria cases,numeric,AFR,Africa,Country,ZAF,South Africa,Year,2022,false,,,,,,,,,,,,,7280,,,,,,7280,,,EN,2025-12-18T16:00:00.000Z
MALARIA_CONF_CASES,Number of confirmed malaria cases,numeric,AMR,Americas,Country,COL,Colombia,Year,2022,false,,,,,,,,,,,,,73561,,,,,,73 561,,,EN,2025-12-18T16:00:00.000Z
MALARIA_CONF_CASES,Number of confirmed malaria cases,numeric,AFR,Africa,Country,BDI,Burundi,Year,2022,false,,,,,,,,,,,,,8117435,,,,,,8 117 435,,,EN,2025-12-18T16:00:00.000Z
MALARIA_CONF_CASES,Number of confirmed malaria cases,numeric,AFR,Africa,Country,ZMB,Zambia,Year,2022,false,,,,,,,,,,,,,8126829,,,,,,8 126 829,,,EN,2025-12-18T16:00:00.000Z
MALARIA_CONF_CASES,Number of confirmed malaria cases,numeric,AFR,Africa,Country,CIV,Cote d'Ivoire,Year,2022,false,,,,,,,,,,,,,8145591,,,,,,8 145 591,,,EN,2025-12-18T16:00:00.000Z
MALARIA_CONF_CASES,Number of confirmed malaria cases,numeric,WPR,Western Pacific,Country,CHN,China,Year,2022,false,,,,,,,,,,,,,820,,,,,,820,,,EN,2025-12-18T16:00:00.000Z
MALARIA_CONF_CASES,Number of confirmed malaria cases,numeric,AFR,Africa,Country,RWA,Rwanda,Year,2022,false,,,,,,,,,,,,,857228,,,,,,857 228,,,EN,2025-12-18T16:00:00.000Z
MALARIA_CONF_CASES,Number of confirmed malaria cases,numeric,WPR,Western Pacific,Country,PNG,Papua New Guinea,Year,2022,false,,,,,,,,,,,,,899510,,,,,,899 510,,,EN,2025-12-18T16:00:00.000Z
MALARIA_CONF_CASES,Number of confirmed malaria cases,numeric,AMR,Americas,Country,BLZ,Belize,Year,2021,false,,,,,,,,,,,,,0,,,,,,0,,,EN,2025-12-18T16:00:00.000Z
MALARIA_CONF_CASES,Number of confirmed malaria cases,numeric,SEAR,South-East Asia,Country,TLS,Timor-Leste,Year,2021,false,,,,,,,,,,,,,0,,,,,,0,,,EN,2025-12-18T16:00:00.000Z
MALARIA_CONF_CASES,Number of confirmed malaria cases,numeric,EUR,Europe,Country,AZE,Azerbaijan,Year,2021,false,,,,,,,,,,,,,1,,,,,,1,,,EN,2025-12-18T16:00:00.000Z
MALARIA_CONF_CASES,Number of confirmed malaria cases,numeric,AFR,Africa,Country,RWA,Rwanda,Year,2021,false,,,,,,,,,,,,,1163670,,,,,,1 163 670,,,EN,2025-12-18T16:00:00.000Z
MALARIA_CONF_CASES,Number of confirmed malaria cases,numeric,AFR,Africa,Country,ETH,Ethiopia,Year,2021,false,,,,,,,,,,,,,1397151,,,,,,1 397 151,,,EN,2025-12-18T16:00:00.000Z
MALARIA_CONF_CASES,Number of confirmed malaria cases,numeric,AFR,Africa,Country,TCD,Chad,Year,2021,false,,,,,,,,,,,,,1418539,,,,,,1 418 539,,,EN,2025-12-18T16:00:00.000Z
MALARIA_CONF_CASES,Number of confirmed malaria cases,numeric,EMR,Eastern Mediterranean,Country,SDN,Sudan,Year,2021,false,,,,,,,,,,,,,1647744,,,,,,1 647 744,,,EN,2025-12-18T16:00:00.000Z
MALARIA_CONF_CASES,Number of confirmed malaria cases,numeric,AFR,Africa,Country,TGO,Togo,Year,2021,false,,,,,,,,,,,,,1845368,,,,,,1 845 368,,,EN,2025-12-18T16:00:00.000Z
MALARIA_CONF_CASES,Number of confirmed malaria cases,numeric,AFR,Africa,Country,SLE,Sierra Leone,Year,2021,false,,,,,,,,,,,,,1953902,,,,,,1 953 902,,,EN,2025-12-18T16:00:00.000Z
MALARIA_CONF_CASES,Number of confirmed malaria cases,numeric,AFR,Africa,Country,MOZ,Mozambique,Year,2021,false,,,,,,,,,,,,,10095807,,,,,,10 095 807,,,EN,2025-12-18T16:00:00.000Z
MALARIA_CONF_CASES,Number of confirmed malaria cases,numeric,AFR,Africa,Country,COM,Comoros,Year,2021,false,,,,,,,,,,,,,10547,,,,,,10 547,,,EN,2025-12-18T16:00:00.000Z
MALARIA_CONF_CASES,Number of confirmed malaria cases,numeric,EMR,Eastern Mediterranean,Country,SAU,Saudi Arabia,Year,2021,false,,,,,,,,,,,,,1091,,,,,,1091,,,EN,2025-12-18T16:00:00.000Z
MALARIA_CONF_CASES,Number of confirmed malaria cases,numeric,AFR,Africa,Country,BFA,Burkina Faso,Year,2021,false,,,,,,,,,,,,,11791638,,,,,,11 791 638,,,EN,2025-12-18T16:00:00.000Z
MALARIA_CONF_CASES,Number of confirmed malaria cases,numeric,AFR,Africa,Country,DZA,Algeria,Year,2021,false,,,,,,,,,,,,,1164,,,,,,1164,,,EN,2025-12-18T16:00:00.000Z
MALARIA_CONF_CASES,Number of confirmed malaria cases,numeric,EMR,Eastern Mediterranean,Country,SOM,Somalia,Year,2021,false,,,,,,,,,,,,,12967,,,,,,12 967,,,EN,2025-12-18T16:00:00.000Z
MALARIA_CONF_CASES,Number of confirmed malaria cases,numeric,AMR,Americas,Country,GTM,Guatemala,Year,2021,false,,,,,,,,,,,,,1274,,,,,,1274,,,EN,2025-12-18T16:00:00.000Z
MALARIA_CONF_CASES,Number of confirmed malaria cases,numeric,AMR,Americas,Country,ARG,Argentina,Year,2021,false,,,,,,,,,,,,,13,,,,,,13,,,EN,2025-12-18T16:00:00.000Z
MALARIA_CONF_CASES,Number of confirmed malaria cases,numeric,AFR,Africa,Country,NAM,Namibia,Year,2021,false,,,,,,,,,,,,,13738,,,,,,13 738,,,EN,2025-12-18T16:00:00.000Z
MALARIA_CONF_CASES,Number of confirmed malaria cases,numeric,AFR,Africa,Country,ZWE,Zimbabwe,Year,2021,false,,,,,,,,,,,,,133137,,,,,,133 137,,,EN,2025-12-18T16:00:00.000Z
MALARIA_CONF_CASES,Number of confirmed malaria cases,numeric,AFR,Africa,Country,UGA,Uganda,Year,2021,false,,,,,,,,,,,,,14336387,,,,,,14 336 387,,,EN,2025-12-18T16:00:00.000Z
MALARIA_CONF_CASES,Number of confirmed malaria cases,numeric,AMR,Americas,Country,GUF,French Guiana,Year,2021,false,,,,,,,,,,,,,143,,,,,,143,,,EN,2025-12-18T16:00:00.000Z
MALARIA_CONF_CASES,Number of confirmed malaria cases,numeric,SEAR,South-East Asia,Country,IND,India,Year,2021,false,,,,,,,,,,,,,161753,,,,,,161 753,,,EN,2025-12-18T16:00:00.000Z
MALARIA_CONF_CASES,Number of confirmed malaria cases,numeric,AMR,Americas,Country,BRA,Brazil,Year,2021,false,,,,,,,,,,,,,163585,,,,,,163 585,,,EN,2025-12-18T16:00:00.000Z
MALARIA_CONF_CASES,Number of confirmed malaria cases,numeric,AMR,Americas,Country,HND,Honduras,Year,2021,false,,,,,,,,,,,,,1657,,,,,,1657,,,EN,2025-12-18T16:00:00.000Z
MALARIA_CONF_CASES,Number of confirmed malaria cases,numeric,AMR,Americas,Country,PER,Peru,Year,2021,false,,,,,,,,,,,,,18140,,,,,,18 140,,,EN,2025-12-18T16:00:00.000Z
MALARIA_CONF_CASES,Number of confirmed malaria cases,numeric,AFR,Africa,Country,MRT,Mauritania,Year,2021,false,,,,,,,,,,,,,18660,,,,,,18 660,,,EN,2025-12-18T16:00:00.000Z
MALARIA_CONF_CASES,Number of confirmed malaria cases,numeric,EMR,Eastern Mediterranean,Country,YEM,Yemen,Year,2021,false,,,,,,,,,,,,,180339,,,,,,180 339,,,EN,2025-12-18T16:00:00.000Z
MALARIA_CONF_CASES,Number of confirmed malaria cases,numeric,AFR,Africa,Country,COG,Congo,Year,2021,false,,,,,,,,,,,,,189616,,,,,,189 616,,,EN,2025-12-18T16:00:00.000Z
MALARIA_CONF_CASES,Number of confirmed malaria cases,numeric,AMR,Americas,Country,VEN,Venezuela (Bolivarian Republic of),Year,2021,false,,,,,,,,,,,,,194057,,,,,,194 057,,,EN,2025-12-18T16:00:00.000Z
MALARIA_CONF_CASES,Number of confirmed malaria cases,numeric,AFR,Africa,Country,CAF,Central African Republic,Year,2021,false,,,,,,,,,,,,,2002149,,,,,,2 002 149,,,EN,2025-12-18T16:00:00.000Z
MALARIA_CONF_CASES,Number of confirmed malaria cases,numeric,AFR,Africa,Country,SSD,South Sudan,Year,2021,false,,,,,,,,,,,,,2017227,,,,,,2 017 227,,,EN,2025-12-18T16:00:00.000Z
MALARIA_CONF_CASES,Number of confirmed malaria cases,numeric,AFR,Africa,Country,MDG,Madagascar,Year,2021,false,,,,,,,,,,,,,2339103,,,,,,2 339 103,,,EN,2025-12-18T16:00:00.000Z
MALARIA_CONF_CASES,Number of confirmed malaria cases,numeric,AFR,Africa,Country,GIN,Guinea,Year,2021,false,,,,,,,,,,,,,2422374,,,,,,2 422 374,,,EN,2025-12-18T16:00:00.000Z
MALARIA_CONF_CASES,Number of confirmed malaria cases,numeric,AFR,Africa,Country,BEN,Benin,Year,2021,false,,,,,,,,,,,,,2634063,,,,,,2 634 063,,,EN,2025-12-18T16:00:00.000Z
MALARIA_CONF_CASES,Number of confirmed malaria cases,numeric,AMR,Americas,Country,GUY,Guyana,Year,2021,false,,,,,,,,,,,,,20850,,,,,,20 850,,,EN,2025-12-18T16:00:00.000Z
MALARIA_CONF_CASES,Number of confirmed malaria cases,numeric,AFR,Africa,Country,CPV,Cabo Verde,Year,2021,false,,,,,,,,,,,,,21,,,,,,21,,,EN,2025-12-18T16:00:00.000Z
MALARIA_CONF_CASES,Number of confirmed malaria cases,numeric,AFR,Africa,Country,NGA,Nigeria,Year,2021,false,,,,,,,,,,,,,21325186,,,,,,21 325 186,,,EN,2025-12-18T16:00:00.000Z
MALARIA_CONF_CASES,Number of confirmed malaria cases,numeric,AFR,Africa,Country,COD,Democratic Republic of the Congo,Year,2021,false,,,,,,,,,,,,,21345031,,,,,,21 345 031,,,EN,2025-12-18T16:00:00.000Z
MALARIA_CONF_CASES,Number of confirmed malaria cases,numeric,SEAR,South-East Asia,Country,BTN,Bhutan,Year,2021,false,,,,,,,,,,,,,23,,,,,,23,,,EN,2025-12-18T16:00:00.000Z
MALARIA_CONF_CASES,Number of confirmed malaria cases,numeric,AMR,Americas,Country,NIC,Nicaragua,Year,2021,false,,,,,,,,,,,,,23323,,,,,,23 323,,,EN,2025-12-18T16:00:00.000Z
MALARIA_CONF_CASES,Number of confirmed malaria cases,numeric,AMR,Americas,Country,CRI,Costa Rica,Year,2021,false,,,,,,,,,,,,,232,,,,,,232,,,EN,2025-12-18T16:00:00.000Z
MALARIA_CONF_CASES,Number of confirmed malaria cases,numeric,SEAR,South-East Asia,Country,PRK,Democratic People's Republic of Korea,Year,2021,false,,,,,,,,,,,,,2357,,,,,,2357,,,EN,2025-12-18T16:00:00.000Z
MALARIA_CONF_CASES,Number of confirmed malaria cases,numeric,AMR,Americas,Country,ECU,Ecuador,Year,2021,false,,,,,,,,,,,,,2436,,,,,,2436,,,EN,2025-12-18T16:00:00.000Z
MALARIA_CONF_CASES,Number of confirmed malaria cases,numeric,SEAR,South-East Asia,Country,LKA,Sri Lanka,Year,2021,false,,,,,,,,,,,,,26,,,,,,26,,,EN,2025-12-18T16:00:00.000Z
MALARIA_CONF_CASES,Number of confirmed malaria cases,numeric,AFR,Africa,Country,STP,Sao Tome and Principe,Year,2021,false,,,,,,,,,,,,,2730,,,,,,2730,,,EN,2025-12-18T16:00:00.000Z
MALARIA_CONF_CASES,Number of confirmed malaria cases,numeric,AMR,Americas,Country,MEX,Mexico,Year,2021,false,,,,,,,,,,,,,275,,,,,,275,,,EN,2025-12-18T16:00:00.000Z
MALARIA_CONF_CASES,Number of confirmed malaria cases,numeric,AMR,Americas,Country,DOM,Dominican Republic,Year,2021,false,,,,,,,,,,,,,291,,,,,,291,,,EN,2025-12-18T16:00:00.000Z
MALARIA_CONF_CASES,Number of confirmed malaria cases,numeric,WPR,Western Pacific,Country,KOR,Republic of Korea,Year,2021,false,,,,,,,,,,,,,294,,,,,,294,,,EN,2025-12-18T16:00:00.000Z
MALARIA_CONF_CASES,Number of confirmed malaria cases,numeric,AFR,Africa,Country,MLI,Mali,Year,2021,false,,,,,,,,,,,,,3204130,,,,,,3 204 130,,,EN,2025-12-18T16:00:00.000Z
MALARIA_CONF_CASES,Number of confirmed malaria cases,numeric,AFR,Africa,Country,CMR,Cameroon,Year,2021,false,,,,,,,,,,,,,3335174,,,,,,3 335 174,,,EN,2025-12-18T16:00:00.000Z
MALARIA_CONF_CASES,Number of confirmed malaria cases,numeric,WPR,Western Pacific,Country,IDN,Indonesia,Year,2021,false,,,,,,,,,,,,,304607,,,,,,304 607,,,EN,2025-12-18T16:00:00.000Z
MALARIA_CONF_CASES,Number of confirmed malaria cases,numeric,WPR,Western Pacific,Country,VUT,Vanuatu,Year,2021,false,,,,,,,,,,,,,322,,,,,,322,,,EN,2025-12-18T16:00:00.000Z
MALARIA_CONF_CASES,Number of confirmed malaria cases,numeric,SEAR,South-East Asia,Country,THA,Thailand,Year,2021,false,,,,,,,,,,,,,3279,,,,,,3279,,,EN,2025-12-18T16:00:00.000Z
MALARIA_CONF_CASES,Number of confirmed malaria cases,numeric,WPR,Western Pacific,Country,MYS,Malaysia,Year,2021,false,,,,,,,,,,,,,3688,,,,,,3688,,,EN,2025-12-18T16:00:00.000Z
MALARIA_CONF_CASES,Number of confirmed malaria cases,numeric,SEAR,South-East Asia,Country,NPL,Nepal,Year,2021,false,,,,,,,,,,,,,373,,,,,,373,,,EN,2025-12-18T16:00:00.000Z
MALARIA_CONF_CASES,Number of confirmed malaria cases,numeric,WPR,Western Pacific,Country,LAO,Lao People's Democratic Republic,Year,2021,false,,,,,,,,,,,,,3926,,,,,,3926,,,EN,2025-12-18T16:00:00.000Z
MALARIA_CONF_CASES,Number of confirmed malaria cases,numeric,EMR,Eastern Mediterranean,Country,PAK,Pakistan,Year,2021,false,,,,,,,,,,,,,399097,,,,,,399 097,,,EN,2025-12-18T16:00:00.000Z
MALARIA_CONF_CASES,Number of confirmed malaria cases,numeric,AMR,Americas,Country,SLV,El Salvador,Year,2021,false,,,,,,,,,,,,,4,,,,,,4,,,EN,2025-12-18T16:00:00.000Z
MALARIA_CONF_CASES,Number of confirmed malaria cases,numeric,AMR,Americas,Country,PRY,Paraguay,Year,2021,false,,,,,,,,,,,,,4,,,,,,4,,,EN,2025-12-18T16:00:00.000Z
MALARIA_CONF_CASES,Number of confirmed malaria cases,numeric,AFR,Africa,Country,NER,Niger,Year,2021,false,,,,,,,,,,,,,4044707,,,,,,4 044 707,,,EN,2025-12-18T16:00:00.000Z
MALARIA_CONF_CASES,Number of confirmed malaria cases,numeric,AFR,Africa,Country,KEN,Kenya,Year,2021,false,,,,,,,,,,,,,4270769,,,,,,4 270 769,,,EN,2025-12-18T16:00:00.000Z
MALARIA_CONF_CASES,Number of confirmed malaria cases,numeric,AFR,Africa,Country,TZA,United Republic of Tanzania,Year,2021,false,,,,,,,,,,,,,4623393,,,,,,4 623 393,,,EN,2025-12-18T16:00:00.000Z
MALARIA_CONF_CASES,Number of confirmed malaria cases,numeric,WPR,Western Pacific,Country,PHL,Philippines,Year,2021,false,,,,,,,,,,,,,4297,,,,,,4297,,,EN,2025-12-18T16:00:00.000Z
MALARIA_CONF_CASES,Number of confirmed malaria cases,numeric,AFR,Africa,Country,ERI,Eritrea,Year,2021,false,,,,,,,,,,,,,43463,,,,,,43 463,,,EN,2025-12-18T16:00:00.000Z
MALARIA_CONF_CASES,Number of confirmed malaria cases,numeric,AMR,Americas,Country,PAN,Panama,Year,2021,false,,,,,,,,,,,,,4364,,,,,,4364,,,EN,2025-12-18T16:00:00.000Z
MALARIA_CONF_CASES,Number of confirmed malaria cases,numeric,WPR,Western Pacific,Country,KHM,Cambodia,Year,2021,false,,,,,,,,,,,,,4382,,,,,,4382,,,EN,2025-12-18T16:00:00.000Z
MALARIA_CONF_CASES,Number of confirmed malaria cases,numeric,WPR,Western Pacific,Country,VNM,Viet Nam,Year,2021,false,,,,,,,,,,,,,467,,,,,,467,,,EN,2025-12-18T16:00:00.000Z
MALARIA_CONF_CASES,Number of confirmed malaria cases,numeric,AFR,Africa,Country,GHA,Ghana,Year,2021,false,,,,,,,,,,,,,5747585,,,,,,5 747 585,,,EN,2025-12-18T16:00:00.000Z
MALARIA_CONF_CASES,Number of confirmed malaria cases,numeric,AFR,Africa,Country,SEN,Senegal,Year,2021,false,,,,,,,,,,,,,536850,,,,,,536 850,,,EN,2025-12-18T16:00:00.000Z
MALARIA_CONF_CASES,Number of confirmed malaria cases,numeric,EMR,Eastern Mediterranean,Country,DJI,Djibouti,Year,2021,false,,,,,,,,,,,,,58916,,,,,,58 916,,,EN,2025-12-18T16:00:00.000Z
MALARIA_CONF_CASES,Number of confirmed malaria cases,numeric,AFR,Africa,Country,SWZ,Eswatini,Year,2021,false,,,,,,,,,,,,,581,,,,,,581,,,EN,2025-12-18T16:00:00.000Z
MALARIA_CONF_CASES,Number of confirmed malaria cases,numeric,AFR,Africa,Country,ZAF,South Africa,Year,2021,false,,,,,,,,,,,,,5889,,,,,,5889,,,EN,2025-12-18T16:00:00.000Z
MALARIA_CONF_CASES,Number of confirmed malaria cases,numeric,AFR,Africa,Country,BDI,Burundi,Year,2021,false,,,,,,,,,,,,,6615714,,,,,,6 615 714,,,EN,2025-12-18T16:00:00.000Z
MALARIA_CONF_CASES,Number of confirmed malaria cases,numeric,AFR,Africa,Country,ZMB,Zambia,Year,2021,false,,,,,,,,,,,,,6769142,,,,,,6 769 142,,,EN,2025-12-18T16:00:00.000Z
MALARIA_CONF_CASES,Number of confirmed malaria cases,numeric,AFR,Africa,Country,MWI,Malawi,Year,2021,false,,,,,,,,,,,,,6829223,,,,,,6 829 223,,,EN,2025-12-18T16:00:00.000Z
MALARIA_CONF_CASES,Number of confirmed malaria cases,numeric,AFR,Africa,Country,GAB,Gabon,Year,2021,false,,,,,,,,,,,,,64957,,,,,,64 957,,,EN,2025-12-18T16:00:00.000Z
MALARIA_CONF_CASES,Number of confirmed malaria cases,numeric,WPR,Western Pacific,Country,PNG,Papua New Guinea,Year,2021,false,,,,,,,,,,,,,651963,,,,,,651 963,,,EN,2025-12-18T16:00:00.000Z
MALARIA_CONF_CASES,Number of confirmed malaria cases,numeric,AFR,Africa,Country,CIV,Cote d'Ivoire,Year,2021,false,,,,,,,,,,,,,7295068,,,,,,7 295 068,,,EN,2025-12-18T16:00:00.000Z
MALARIA_CONF_CASES,Number of confirmed malaria cases,numeric,AFR,Africa,Country,BWA,Botswana,Year,2021,false,,,,,,,,,,,,,729,,,,,,729,,,EN,2025-12-18T16:00:00.000Z
MALARIA_CONF_CASES,Number of confirmed malaria cases,numeric,SEAR,South-East Asia,Country,BGD,Bangladesh,Year,2021,false,,,,,,,,,,,,,7294,,,,,,7294,,,EN,2025-12-18T16:00:00.000Z
MALARIA_CONF_CASES,Number of confirmed malaria cases,numeric,AFR,Africa,Country,GMB,Gambia,Year,2021,false,,,,,,,,,,,,,73781,,,,,,73 781,,,EN,2025-12-18T16:00:00.000Z
MALARIA_CONF_CASES,Number of confirmed malaria cases,numeric,AMR,Americas,Country,COL,Colombia,Year,2021,false,,,,,,,,,,,,,74707,,,,,,74 707,,,EN,2025-12-18T16:00:00.000Z
MALARIA_CONF_CASES,Number of confirmed malaria cases,numeric,AMR,Americas,Country,SUR,Suriname,Year,2021,false,,,,,,,,,,,,,77,,,,,,77,,,EN,2025-12-18T16:00:00.000Z
MALARIA_CONF_CASES,Number of confirmed malaria cases,numeric,SEAR,South-East Asia,Country,MMR,Myanmar,Year,2021,false,,,,,,,,,,,,,79001,,,,,,79 001,,,EN,2025-12-18T16:00:00.000Z
MALARIA_CONF_CASES,Number of confirmed malaria cases,numeric,AFR,Africa,Country,AGO,Angola,Year,2021,false,,,,,,,,,,,,,8325921,,,,,,8 325 921,,,EN,2025-12-18T16:00:00.000Z
MALARIA_CONF_CASES,Number of confirmed malaria cases,numeric,WPR,Western Pacific,Country,SLB,Solomon Islands,Year,2021,false,,,,,,,,,,,,,84139,,,,,,84 139,,,EN,2025-12-18T16:00:00.000Z
MALARIA_CONF_CASES,Number of confirmed malaria cases,numeric,EMR,Eastern Mediterranean,Country,AFG,Afghanistan,Year,2021,false,,,,,,,,,,,,,86263,,,,,,86 263,,,EN,2025-12-18T16:00:00.000Z
MALARIA_CONF_CASES,Number of confirmed malaria cases,numeric,AFR,Africa,Country,LBR,Liberia,Year,2021,false,,,,,,,,,,,,,912436,,,,,,912 436,,,EN,2025-12-18T16:00:00.000Z
MALARIA_CONF_CASES,Number of confirmed malaria cases,numeric,AMR,Americas,Country,HTI,Haiti,Year,2021,false,,,,,,,,,,,,,9513,,,,,,9513,,,EN,2025-12-18T16:00:00.000Z
MALARIA_CONF_CASES,Number of confirmed malaria cases,numeric,AMR,Americas,Country,BOL,Bolivia (Plurinational State of),Year,2021,false,,,,,,,,,,,,,9959,,,,,,9959,,,EN,2025-12-18T16:00:00.000Z
MALARIA_CONF_CASES,Number of confirmed malaria cases,numeric,EMR,Eastern Mediterranean,Country,IRN,Iran (Islamic Republic of),Year,2021,false,,,,,,,,,,,,,999,,,,,,999,,,EN,2025-12-18T16:00:00.000Z
MALARIA_CONF_CASES,Number of confirmed malaria cases,numeric,EUR,Europe,Country,AZE,Azerbaijan,Year,2020,false,,,,,,,,,,,,,0,,,,,,0,,,EN,2025-12-18T16:00:00.000Z
MALARIA_CONF_CASES,Number of confirmed malaria cases,numeric,AMR,Americas,Country,BLZ,Belize,Year,2020,false,,,,,,,,,,,,,0,,,,,,0,,,EN,2025-12-18T16:00:00.000Z
MALARIA_CONF_CASES,Number of confirmed malaria cases,numeric,AMR,Americas,Country,SLV,El Salvador,Year,2020,false,,,,,,,,,,,,,0,,,,,,0,,,EN,2025-12-18T16:00:00.000Z
MALARIA_CONF_CASES,Number of confirmed malaria cases,numeric,EUR,Europe,Country,KAZ,Kazakhstan,Year,2020,false,,,,,,,,,,,,,0,,,,,,0,,,EN,2025-12-18T16:00:00.000Z
MALARIA_CONF_CASES,Number of confirmed malaria cases,numeric,EUR,Europe,Country,KGZ,Kyrgyzstan,Year,2020,false,,,,,,,,,,,,,0,,,,,,0,,,EN,2025-12-18T16:00:00.000Z
MALARIA_CONF_CASES,Number of confirmed malaria cases,numeric,EUR,Europe,Country,TJK,Tajikistan,Year,2020,false,,,,,,,,,,,,,0,,,,,,0,,,EN,2025-12-18T16:00:00.000Z
MALARIA_CONF_CASES,Number of confirmed malaria cases,numeric,EUR,Europe,Country,TKM,Turkmenistan,Year,2020,false,,,,,,,,,,,,,0,,,,,,0,,,EN,2025-12-18T16:00:00.000Z
MALARIA_CONF_CASES,Number of confirmed malaria cases,numeric,AMR,Americas,Country,PRY,Paraguay,Year,2020,false,,,,,,,,,,,,,1,,,,,,1,,,EN,2025-12-18T16:00:00.000Z
MALARIA_CONF_CASES,Number of confirmed malaria cases,numeric,AFR,Africa,Country,TCD,Chad,Year,2020,false,,,,,,,,,,,,,1544194,,,,,,1 544 194,,,EN,2025-12-18T16:00:00.000Z
MALARIA_CONF_CASES,Number of confirmed malaria cases,numeric,EMR,Eastern Mediterranean,Country,SDN,Sudan,Year,2020,false,,,,,,,,,,,,,1698394,,,,,,1 698 394,,,EN,2025-12-18T16:00:00.000Z
MALARIA_CONF_CASES,Number of confirmed malaria cases,numeric,AFR,Africa,Country,TGO,Togo,Year,2020,false,,,,,,,,,,,,,1737469,,,,,,1 737 469,,,EN,2025-12-18T16:00:00.000Z
MALARIA_CONF_CASES,Number of confirmed malaria cases,numeric,AFR,Africa,Country,CAF,Central African Republic,Year,2020,false,,,,,,,,,,,,,1740970,,,,,,1 740 970,,,EN,2025-12-18T16:00:00.000Z
MALARIA_CONF_CASES,Number of confirmed malaria cases,numeric,AFR,Africa,Country,ETH,Ethiopia,Year,2020,false,,,,,,,,,,,,,1743755,,,,,,1 743 755,,,EN,2025-12-18T16:00:00.000Z
MALARIA_CONF_CASES,Number of confirmed malaria cases,numeric,AFR,Africa,Country,MDG,Madagascar,Year,2020,false,,,,,,,,,,,,,1950471,,,,,,1 950 471,,,EN,2025-12-18T16:00:00.000Z
MALARIA_CONF_CASES,Number of confirmed malaria cases,numeric,AFR,Africa,Country,CPV,Cabo Verde,Year,2020,false,,,,,,,,,,,,,10,,,,,,10,,,EN,2025-12-18T16:00:00.000Z
MALARIA_CONF_CASES,Number of confirmed malaria cases,numeric,AFR,Africa,Country,BFA,Burkina Faso,Year,2020,false,,,,,,,,,,,,,10600340,,,,,,10 600 340,,,EN,2025-12-18T16:00:00.000Z
MALARIA_CONF_CASES,Number of confirmed malaria cases,numeric,EMR,Eastern Mediterranean,Country,AFG,Afghanistan,Year,2020,false,,,,,,,,,,,,,105295,,,,,,105 295,,,EN,2025-12-18T16:00:00.000Z
MALARIA_CONF_CASES,Number of confirmed malaria cases,numeric,WPR,Western Pacific,Country,CHN,China,Year,2020,false,,,,,,,,,,,,,1051,,,,,,1051,,,EN,2025-12-18T16:00:00.000Z
MALARIA_CONF_CASES,Number of confirmed malaria cases,numeric,EMR,Eastern Mediterranean,Country,IRN,Iran (Islamic Republic of),Year,2020,false,,,,,,,,,,,,,1051,,,,,,1051,,,EN,2025-12-18T16:00:00.000Z
MALARIA_CONF_CASES,Number of confirmed malaria cases,numeric,AMR,Americas,Country,GTM,Guatemala,Year,2020,false,,,,,,,,,,,,,1058,,,,,,1058,,,EN,2025-12-18T16:00:00.000Z
MALARIA_CONF_CASES,Number of confirmed malaria cases,numeric,AFR,Africa,Country,MOZ,Mozambique,Year,2020,false,,,,,,,,,,,,,11318685,,,,,,11 318 685,,,EN,2025-12-18T16:00:00.000Z
MALARIA_CONF_CASES,Number of confirmed malaria cases,numeric,AMR,Americas,Country,BOL,Bolivia (Plurinational State of),Year,2020,false,,,,,,,,,,,,,12187,,,,,,12 187,,,EN,2025-12-18T16:00:00.000Z
MALARIA_CONF_CASES,Number of confirmed malaria cases,numeric,AFR,Africa,Country,MRT,Mauritania,Year,2020,false,,,,,,,,,,,,,12425,,,,,,12 425,,,EN,2025-12-18T16:00:00.000Z
MALARIA_CONF_CASES,Number of confirmed malaria cases,numeric,AMR,Americas,Country,ARG,Argentina,Year,2020,false,,,,,,,,,,,,,13,,,,,,13,,,EN,2025-12-18T16:00:00.000Z
MALARIA_CONF_CASES,Number of confirmed malaria cases,numeric,AFR,Africa,Country,NAM,Namibia,Year,2020,false,,,,,,,,,,,,,13636,,,,,,13 636,,,EN,2025-12-18T16:00:00.000Z
MALARIA_CONF_CASES,Number of confirmed malaria cases,numeric,EUR,Europe,Country,TUR,Türkiye,Year,2020,true,,,,,,,,,,,,,135,,,,,,135,,,EN,2025-12-18T16:00:00.000Z
MALARIA_CONF_CASES,Number of confirmed malaria cases,numeric,SEAR,South-East Asia,Country,TLS,Timor-Leste,Year,2020,false,,,,,,,,,,,,,14,,,,,,14,,,EN,2025-12-18T16:00:00.000Z
MALARIA_CONF_CASES,Number of confirmed malaria cases,numeric,WPR,Western Pacific,Country,VNM,Viet Nam,Year,2020,false,,,,,,,,,,,,,1422,,,,,,1422,,,EN,2025-12-18T16:00:00.000Z
MALARIA_CONF_CASES,Number of confirmed malaria cases,numeric,AMR,Americas,Country,CRI,Costa Rica,Year,2020,false,,,,,,,,,,,,,145,,,,,,145,,,EN,2025-12-18T16:00:00.000Z
MALARIA_CONF_CASES,Number of confirmed malaria cases,numeric,AMR,Americas,Country,PER,Peru,Year,2020,false,,,,,,,,,,,,,15847,,,,,,15 847,,,EN,2025-12-18T16:00:00.000Z
MALARIA_CONF_CASES,Number of confirmed malaria cases,numeric,AMR,Americas,Country,GUF,French Guiana,Year,2020,false,,,,,,,,,,,,,154,,,,,,154,,,EN,2025-12-18T16:00:00.000Z
MALARIA_CONF_CASES,Number of confirmed malaria cases,numeric,AFR,Africa,Country,UGA,Uganda,Year,2020,false,,,,,,,,,,,,,16329136,,,,,,16 329 136,,,EN,2025-12-18T16:00:00.000Z
MALARIA_CONF_CASES,Number of confirmed malaria cases,numeric,EMR,Eastern Mediterranean,Country,YEM,Yemen,Year,2020,false,,,,,,,,,,,,,164066,,,,,,164 066,,,EN,2025-12-18T16:00:00.000Z
MALARIA_CONF_CASES,Number of confirmed malaria cases,numeric,AMR,Americas,Country,GUY,Guyana,Year,2020,false,,,,,,,,,,,,,17230,,,,,,17 230,,,EN,2025-12-18T16:00:00.000Z
MALARIA_CONF_CASES,Number of confirmed malaria cases,numeric,AMR,Americas,Country,BRA,Brazil,Year,2020,false,,,,,,,,,,,,,172419,,,,,,172 419,,,EN,2025-12-18T16:00:00.000Z
MALARIA_CONF_CASES,Number of confirmed malaria cases,numeric,AFR,Africa,Country,NGA,Nigeria,Year,2020,false,,,,,,,,,,,,,18325240,,,,,,18 325 240,,,EN,2025-12-18T16:00:00.000Z
MALARIA_CONF_CASES,Number of confirmed malaria cases,numeric,SEAR,South-East Asia,Country,PRK,Democratic People's Republic of Korea,Year,2020,false,,,,,,,,,,,,,1819,,,,,,1819,,,EN,2025-12-18T16:00:00.000Z
MALARIA_CONF_CASES,Number of confirmed malaria cases,numeric,SEAR,South-East Asia,Country,IND,India,Year,2020,false,,,,,,,,,,,,,186532,,,,,,186 532,,,EN,2025-12-18T16:00:00.000Z
MALARIA_CONF_CASES,Number of confirmed malaria cases,numeric,AFR,Africa,Country,STP,Sao Tome and Principe,Year,2020,false,,,,,,,,,,,,,1944,,,,,,1944,,,EN,2025-12-18T16:00:00.000Z
MALARIA_CONF_CASES,Number of confirmed malaria cases,numeric,EUR,Europe,Country,UZB,Uzbekistan,Year,2020,false,,,,,,,,,,,,,2,,,,,,2,,,EN,2025-12-18T16:00:00.000Z
MALARIA_CONF_CASES,Number of confirmed malaria cases,numeric,AFR,Africa,Country,GIN,Guinea,Year,2020,false,,,,,,,,,,,,,2008976,,,,,,2 008 976,,,EN,2025-12-18T16:00:00.000Z
MALARIA_CONF_CASES,Number of confirmed malaria cases,numeric,AFR,Africa,Country,RWA,Rwanda,Year,2020,false,,,,,,,,,,,,,2043392,,,,,,2 043 392,,,EN,2025-12-18T16:00:00.000Z
MALARIA_CONF_CASES,Number of confirmed malaria cases,numeric,AFR,Africa,Country,BEN,Benin,Year,2020,false,,,,,,,,,,,,,2516646,,,,,,2 516 646,,,EN,2025-12-18T16:00:00.000Z
MALARIA_CONF_CASES,Number of confirmed malaria cases,numeric,AFR,Africa,Country,MLI,Mali,Year,2020,false,,,,,,,,,,,,,2666266,,,,,,2 666 266,,,EN,2025-12-18T16:00:00.000Z
MALARIA_CONF_CASES,Number of confirmed malaria cases,numeric,AFR,Africa,Country,CMR,Cameroon,Year,2020,false,,,,,,,,,,,,,2890193,,,,,,2 890 193,,,EN,2025-12-18T16:00:00.000Z
MALARIA_CONF_CASES,Number of confirmed malaria cases,numeric,AMR,Americas,Country,ECU,Ecuador,Year,2020,false,,,,,,,,,,,,,2089,,,,,,2089,,,EN,2025-12-18T16:00:00.000Z
MALARIA_CONF_CASES,Number of confirmed malaria cases,numeric,AFR,Africa,Country,COD,Democratic Republic of the Congo,Year,2020,false,,,,,,,,,,,,,22590647,,,,,,22 590 647,,,EN,2025-12-18T16:00:00.000Z
MALARIA_CONF_CASES,Number of confirmed malaria cases,numeric,AMR,Americas,Country,HTI,Haiti,Year,2020,false,,,,,,,,,,,,,22996,,,,,,22 996,,,EN,2025-12-18T16:00:00.000Z
MALARIA_CONF_CASES,Number of confirmed malaria cases,numeric,AMR,Americas,Country,PAN,Panama,Year,2020,false,,,,,,,,,,,,,2206,,,,,,2206,,,EN,2025-12-18T16:00:00.000Z
MALARIA_CONF_CASES,Number of confirmed malaria cases,numeric,AMR,Americas,Country,VEN,Venezuela (Bolivarian Republic of),Year,2020,false,,,,,,,,,,,,,232757,,,,,,232 757,,,EN,2025-12-18T16:00:00.000Z
MALARIA_CONF_CASES,Number of confirmed malaria cases,numeric,AMR,Americas,Country,SUR,Suriname,Year,2020,false,,,,,,,,,,,,,238,,,,,,238,,,EN,2025-12-18T16:00:00.000Z
MALARIA_CONF_CASES,Number of confirmed malaria cases,numeric,AFR,Africa,Country,MYT,Mayotte,Year,2020,false,,,,,,,,,,,,,25,,,,,,25,,,EN,2025-12-18T16:00:00.000Z
MALARIA_CONF_CASES,Number of confirmed malaria cases,numeric,AMR,Americas,Country,NIC,Nicaragua,Year,2020,false,,,,,,,,,,,,,25530,,,,,,25 530,,,EN,2025-12-18T16:00:00.000Z
MALARIA_CONF_CASES,Number of confirmed malaria cases,numeric,WPR,Western Pacific,Country,IDN,Indonesia,Year,2020,false,,,,,,,,,,,,,254055,,,,,,254 055,,,EN,2025-12-18T16:00:00.000Z
MALARIA_CONF_CASES,Number of confirmed malaria cases,numeric,EMR,Eastern Mediterranean,Country,SOM,Somalia,Year,2020,false,,,,,,,,,,,,,27333,,,,,,27 333,,,EN,2025-12-18T16:00:00.000Z
MALARIA_CONF_CASES,Number of confirmed malaria cases,numeric,AFR,Africa,Country,DZA,Algeria,Year,2020,false,,,,,,,,,,,,,2726,,,,,,2726,,,EN,2025-12-18T16:00:00.000Z
MALARIA_CONF_CASES,Number of confirmed malaria cases,numeric,WPR,Western Pacific,Country,MYS,Malaysia,Year,2020,false,,,,,,,,,,,,,2839,,,,,,2839,,,EN,2025-12-18T16:00:00.000Z
MALARIA_CONF_CASES,Number of confirmed malaria cases,numeric,EUR,Europe,Country,ARM,Armenia,Year,2020,false,,,,,,,,,,,,,3,,,,,,3,,,EN,2025-12-18T16:00:00.000Z
MALARIA_CONF_CASES,Number of confirmed malaria cases,numeric,SEAR,South-East Asia,Country,LKA,Sri Lanka,Year,2020,false,,,,,,,,,,,,,30,,,,,,30,,,EN,2025-12-18T16:00:00.000Z
MALARIA_CONF_CASES,Number of confirmed malaria cases,numeric,AFR,Africa,Country,SWZ,Eswatini,Year,2020,false,,,,,,,,,,,,,325,,,,,,325,,,EN,2025-12-18T16:00:00.000Z
MALARIA_CONF_CASES,Number of confirmed malaria cases,numeric,WPR,Western Pacific,Country,LAO,Lao People's Democratic Republic,Year,2020,false,,,,,,,,,,,,,3498,,,,,,3498,,,EN,2025-12-18T16:00:00.000Z
MALARIA_CONF_CASES,Number of confirmed malaria cases,numeric,EMR,Eastern Mediterranean,Country,SAU,Saudi Arabia,Year,2020,false,,,,,,,,,,,,,3658,,,,,,3658,,,EN,2025-12-18T16:00:00.000Z
MALARIA_CONF_CASES,Number of confirmed malaria cases,numeric,AMR,Americas,Country,MEX,Mexico,Year,2020,false,,,,,,,,,,,,,368,,,,,,368,,,EN,2025-12-18T16:00:00.000Z
MALARIA_CONF_CASES,Number of confirmed malaria cases,numeric,EMR,Eastern Mediterranean,Country,PAK,Pakistan,Year,2020,false,,,,,,,,,,,,,371828,,,,,,371 828,,,EN,2025-12-18T16:00:00.000Z
MALARIA_CONF_CASES,Number of confirmed malaria cases,numeric,WPR,Western Pacific,Country,KOR,Republic of Korea,Year,2020,false,,,,,,,,,,,,,390,,,,,,390,,,EN,2025-12-18T16:00:00.000Z
MALARIA_CONF_CASES,Number of confirmed malaria cases,numeric,SEAR,South-East Asia,Country,THA,Thailand,Year,2020,false,,,,,,,,,,,,,3940,,,,,,3940,,,EN,2025-12-18T16:00:00.000Z
MALARIA_CONF_CASES,Number of confirmed malaria cases,numeric,EUR,Europe,Country,GEO,Georgia,Year,2020,false,,,,,,,,,,,,,4,,,,,,4,,,EN,2025-12-18T16:00:00.000Z
MALARIA_CONF_CASES,Number of confirmed malaria cases,numeric,AFR,Africa,Country,KEN,Kenya,Year,2020,false,,,,,,,,,,,,,4069277,,,,,,4 069 277,,,EN,2025-12-18T16:00:00.000Z
MALARIA_CONF_CASES,Number of confirmed malaria cases,numeric,AFR,Africa,Country,NER,Niger,Year,2020,false,,,,,,,,,,,,,4377938,,,,,,4 377 938,,,EN,2025-12-18T16:00:00.000Z
MALARIA_CONF_CASES,Number of confirmed malaria cases,numeric,AFR,Africa,Country,BDI,Burundi,Year,2020,false,,,,,,,,,,,,,4720103,,,,,,4 720 103,,,EN,2025-12-18T16:00:00.000Z
MALARIA_CONF_CASES,Number of confirmed malaria cases,numeric,AFR,Africa,Country,CIV,Cote d'Ivoire,Year,2020,false,,,,,,,,,,,,,4980640,,,,,,4 980 640,,,EN,2025-12-18T16:00:00.000Z
MALARIA_CONF_CASES,Number of confirmed malaria cases,numeric,SEAR,South-East Asia,Country,NPL,Nepal,Year,2020,false,,,,,,,,,,,,,430,,,,,,430,,,EN,2025-12-18T16:00:00.000Z
MALARIA_CONF_CASES,Number of confirmed malaria cases,numeric,AFR,Africa,Country,SEN,Senegal,Year,2020,false,,,,,,,,,,,,,445313,,,,,,445 313,,,EN,2025-12-18T16:00:00.000Z
MALARIA_CONF_CASES,Number of confirmed malaria cases,numeric,AFR,Africa,Country,ZWE,Zimbabwe,Year,2020,false,,,,,,,,,,,,,447381,,,,,,447 381,,,EN,2025-12-18T16:00:00.000Z
MALARIA_CONF_CASES,Number of confirmed malaria cases,numeric,AFR,Africa,Country,COM,Comoros,Year,2020,false,,,,,,,,,,,,,4546,,,,,,4546,,,EN,2025-12-18T16:00:00.000Z
MALARIA_CONF_CASES,Number of confirmed malaria cases,numeric,AFR,Africa,Country,GHA,Ghana,Year,2020,false,,,,,,,,,,,,,5447563,,,,,,5 447 563,,,EN,2025-12-18T16:00:00.000Z
MALARIA_CONF_CASES,Number of confirmed malaria cases,numeric,WPR,Western Pacific,Country,VUT,Vanuatu,Year,2020,false,,,,,,,,,,,,,507,,,,,,507,,,EN,2025-12-18T16:00:00.000Z
MALARIA_CONF_CASES,Number of confirmed malaria cases,numeric,AFR,Africa,Country,GAB,Gabon,Year,2020,false,,,,,,,,,,,,,53659,,,,,,53 659,,,EN,2025-12-18T16:00:00.000Z
MALARIA_CONF_CASES,Number of confirmed malaria cases,numeric,SEAR,South-East Asia,Country,BTN,Bhutan,Year,2020,false,,,,,,,,,,,,,54,,,,,,54,,,EN,2025-12-18T16:00:00.000Z
MALARIA_CONF_CASES,Number of confirmed malaria cases,numeric,SEAR,South-East Asia,Country,MMR,Myanmar,Year,2020,false,,,,,,,,,,,,,58836,,,,,,58 836,,,EN,2025-12-18T16:00:00.000Z
MALARIA_CONF_CASES,Number of confirmed malaria cases,numeric,AFR,Africa,Country,TZA,United Republic of Tanzania,Year,2020,false,,,,,,,,,,,,,6308276,,,,,,6 308 276,,,EN,2025-12-18T16:00:00.000Z
MALARIA_CONF_CASES,Number of confirmed malaria cases,numeric,WPR,Western Pacific,Country,PHL,Philippines,Year,2020,false,,,,,,,,,,,,,6120,,,,,,6120,,,EN,2025-12-18T16:00:00.000Z
MALARIA_CONF_CASES,Number of confirmed malaria cases,numeric,SEAR,South-East Asia,Country,BGD,Bangladesh,Year,2020,false,,,,,,,,,,,,,6130,,,,,,6130,,,EN,2025-12-18T16:00:00.000Z
MALARIA_CONF_CASES,Number of confirmed malaria cases,numeric,AFR,Africa,Country,SSD,South Sudan,Year,2020,false,,,,,,,,,,,,,661922,,,,,,661 922,,,EN,2025-12-18T16:00:00.000Z
MALARIA_CONF_CASES,Number of confirmed malaria cases,numeric,AFR,Africa,Country,MWI,Malawi,Year,2020,false,,,,,,,,,,,,,7078271,,,,,,7 078 271,,,EN,2025-12-18T16:00:00.000Z
MALARIA_CONF_CASES,Number of confirmed malaria cases,numeric,AFR,Africa,Country,AGO,Angola,Year,2020,false,,,,,,,,,,,,,7343696,,,,,,7 343 696,,,EN,2025-12-18T16:00:00.000Z
MALARIA_CONF_CASES,Number of confirmed malaria cases,numeric,AFR,Africa,Country,SLE,Sierra Leone,Year,2020,false,,,,,,,,,,,,,725006,,,,,,725 006,,,EN,2025-12-18T16:00:00.000Z
MALARIA_CONF_CASES,Number of confirmed malaria cases,numeric,EMR,Eastern Mediterranean,Country,DJI,Djibouti,Year,2020,false,,,,,,,,,,,,,73535,,,,,,73 535,,,EN,2025-12-18T16:00:00.000Z
MALARIA_CONF_CASES,Number of confirmed malaria cases,numeric,AFR,Africa,Country,ERI,Eritrea,Year,2020,false,,,,,,,,,,,,,74041,,,,,,74 041,,,EN,2025-12-18T16:00:00.000Z
MALARIA_CONF_CASES,Number of confirmed malaria cases,numeric,AFR,Africa,Country,GMB,Gambia,Year,2020,false,,,,,,,,,,,,,75801,,,,,,75 801,,,EN,2025-12-18T16:00:00.000Z
MALARIA_CONF_CASES,Number of confirmed malaria cases,numeric,WPR,Western Pacific,Country,PNG,Papua New Guinea,Year,2020,false,,,,,,,,,,,,,750254,,,,,,750 254,,,EN,2025-12-18T16:00:00.000Z
MALARIA_CONF_CASES,Number of confirmed malaria cases,numeric,WPR,Western Pacific,Country,SLB,Solomon Islands,Year,2020,false,,,,,,,,,,,,,77637,,,,,,77 637,,,EN,2025-12-18T16:00:00.000Z
MALARIA_CONF_CASES,Number of confirmed malaria cases,numeric,AFR,Africa,Country,ZMB,Zambia,Year,2020,false,,,,,,,,,,,,,8121215,,,,,,8 121 215,,,EN,2025-12-18T16:00:00.000Z
MALARIA_CONF_CASES,Number of confirmed malaria cases,numeric,AMR,Americas,Country,COL,Colombia,Year,2020,false,,,,,,,,,,,,,81829,,,,,,81 829,,,EN,2025-12-18T16:00:00.000Z
MALARIA_CONF_CASES,Number of confirmed malaria cases,numeric,AFR,Africa,Country,ZAF,South Africa,Year,2020,false,,,,,,,,,,,,,8126,,,,,,8126,,,EN,2025-12-18T16:00:00.000Z
MALARIA_CONF_CASES,Number of confirmed malaria cases,numeric,AMR,Americas,Country,DOM,Dominican Republic,Year,2020,false,,,,,,,,,,,,,829,,,,,,829,,,EN,2025-12-18T16:00:00.000Z
MALARIA_CONF_CASES,Number of confirmed malaria cases,numeric,AFR,Africa,Country,COG,Congo,Year,2020,false,,,,,,,,,,,,,91538,,,,,,91 538,,,EN,2025-12-18T16:00:00.000Z
MALARIA_CONF_CASES,Number of confirmed malaria cases,numeric,AMR,Americas,Country,HND,Honduras,Year,2020,false,,,,,,,,,,,,,913,,,,,,913,,,EN,2025-12-18T16:00:00.000Z
MALARIA_CONF_CASES,Number of confirmed malaria cases,numeric,AFR,Africa,Country,BWA,Botswana,Year,2020,false,,,,,,,,,,,,,953,,,,,,953,,,EN,2025-12-18T16:00:00.000Z
MALARIA_CONF_CASES,Number of confirmed malaria cases,numeric,WPR,Western Pacific,Country,KHM,Cambodia,Year,2020,false,,,,,,,,,,,,,9964,,,,,,9964,,,EN,2025-12-18T16:00:00.000Z
MALARIA_CONF_CASES,Number of confirmed malaria cases,numeric,EUR,Europe,Country,AZE,Azerbaijan,Year,2019,false,,,,,,,,,,,,,0,,,,,,0,,,EN,2025-12-18T16:00:00.000Z
MALARIA_CONF_CASES,Number of confirmed malaria cases,numeric,EUR,Europe,Country,KGZ,Kyrgyzstan,Year,2019,false,,,,,,,,,,,,,1,,,,,,1,,,EN,2025-12-18T16:00:00.000Z
MALARIA_CONF_CASES,Number of confirmed malaria cases,numeric,EUR,Europe,Country,UZB,Uzbekistan,Year,2019,false,,,,,,,,,,,,,1,,,,,,1,,,EN,2025-12-18T16:00:00.000Z
MALARIA_CONF_CASES,Number of confirmed malaria cases,numeric,AFR,Africa,Country,TCD,Chad,Year,2019,false,,,,,,,,,,,,,1632529,,,,,,1 632 529,,,EN,2025-12-18T16:00:00.000Z
MALARIA_CONF_CASES,Number of confirmed malaria cases,numeric,EMR,Eastern Mediterranean,Country,SDN,Sudan,Year,2019,false,,,,,,,,,,,,,1752011,,,,,,1 752 011,,,EN,2025-12-18T16:00:00.000Z
MALARIA_CONF_CASES,Number of confirmed malaria cases,numeric,AFR,Africa,Country,SSD,South Sudan,Year,2019,false,,,,,,,,,,,,,1903742,,,,,,1 903 742,,,EN,2025-12-18T16:00:00.000Z
MALARIA_CONF_CASES,Number of confirmed malaria cases,numeric,AMR,Americas,Country,HTI,Haiti,Year,2019,false,,,,,,,,,,,,,10687,,,,,,10 687,,,EN,2025-12-18T16:00:00.000Z
MALARIA_CONF_CASES,Number of confirmed malaria cases,numeric,AFR,Africa,Country,DZA,Algeria,Year,2019,false,,,,,,,,,,,,,1014,,,,,,1014,,,EN,2025-12-18T16:00:00.000Z
MALARIA_CONF_CASES,Number of confirmed malaria cases,numeric,AFR,Africa,Country,MOZ,Mozambique,Year,2019,false,,,,,,,,,,,,,11734926,,,,,,11 734 926,,,EN,2025-12-18T16:00:00.000Z
MALARIA_CONF_CASES,Number of confirmed malaria cases,numeric,AFR,Africa,Country,COG,Congo,Year,2019,false,,,,,,,,,,,,,117837,,,,,,117 837,,,EN,2025-12-18T16:00:00.000Z
MALARIA_CONF_CASES,Number of confirmed malaria cases,numeric,EMR,Eastern Mediterranean,Country,IRN,Iran (Islamic Republic of),Year,2019,false,,,,,,,,,,,,,1190,,,,,,1190,,,EN,2025-12-18T16:00:00.000Z
MALARIA_CONF_CASES,Number of confirmed malaria cases,numeric,AMR,Americas,Country,NIC,Nicaragua,Year,2019,false,,,,,,,,,,,,,13226,,,,,,13 226,,,EN,2025-12-18T16:00:00.000Z
MALARIA_CONF_CASES,Number of confirmed malaria cases,numeric,AFR,Africa,Country,ZAF,South Africa,Year,2019,false,,,,,,,,,,,,,13833,,,,,,13 833,,,EN,2025-12-18T16:00:00.000Z
MALARIA_CONF_CASES,Number of confirmed malaria cases,numeric,AFR,Africa,Country,UGA,Uganda,Year,2019,false,,,,,,,,,,,,,13982362,,,,,,13 982 362,,,EN,2025-12-18T16:00:00.000Z
MALARIA_CONF_CASES,Number of confirmed malaria cases,numeric,AMR,Americas,Country,DOM,Dominican Republic,Year,2019,false,,,,,,,,,,,,,1314,,,,,,1314,,,EN,2025-12-18T16:00:00.000Z
MALARIA_CONF_CASES,Number of confirmed malaria cases,numeric,AFR,Africa,Country,MRT,Mauritania,Year,2019,false,,,,,,,,,,,,,14869,,,,,,14 869,,,EN,2025-12-18T16:00:00.000Z
MALARIA_CONF_CASES,Number of confirmed malaria cases,numeric,AMR,Americas,Country,CRI,Costa Rica,Year,2019,false,,,,,,,,,,,,,149,,,,,,149,,,EN,2025-12-18T16:00:00.000Z
MALARIA_CONF_CASES,Number of confirmed malaria cases,numeric,AMR,Americas,Country,PAN,Panama,Year,2019,false,,,,,,,,,,,,,1597,,,,,,1597,,,EN,2025-12-18T16:00:00.000Z
MALARIA_CONF_CASES,Number of confirmed malaria cases,numeric,AFR,Africa,Country,GNB,Guinea-Bissau,Year,2019,false,,,,,,,,,,,,,160907,,,,,,160 907,,,EN,2025-12-18T16:00:00.000Z
MALARIA_CONF_CASES,Number of confirmed malaria cases,numeric,EMR,Eastern Mediterranean,Country,YEM,Yemen,Year,2019,false,,,,,,,,,,,,,165899,,,,,,165 899,,,EN,2025-12-18T16:00:00.000Z
MALARIA_CONF_CASES,Number of confirmed malaria cases,numeric,SEAR,South-East Asia,Country,BGD,Bangladesh,Year,2019,false,,,,,,,,,,,,,17225,,,,,,17 225,,,EN,2025-12-18T16:00:00.000Z
MALARIA_CONF_CASES,Number of confirmed malaria cases,numeric,AFR,Africa,Country,COM,Comoros,Year,2019,false,,,,,,,,,,,,,17697,,,,,,17 697,,,EN,2025-12-18T16:00:00.000Z
MALARIA_CONF_CASES,Number of confirmed malaria cases,numeric,EMR,Eastern Mediterranean,Country,AFG,Afghanistan,Year,2019,false,,,,,,,,,,,,,173860,,,,,,173 860,,,EN,2025-12-18T16:00:00.000Z
MALARIA_CONF_CASES,Number of confirmed malaria cases,numeric,AMR,Americas,Country,GUY,Guyana,Year,2019,false,,,,,,,,,,,,,18826,,,,,,18 826,,,EN,2025-12-18T16:00:00.000Z
MALARIA_CONF_CASES,Number of confirmed malaria cases,numeric,SEAR,South-East Asia,Country,PRK,Democratic People's Republic of Korea,Year,2019,false,,,,,,,,,,,,,1869,,,,,,1869,,,EN,2025-12-18T16:00:00.000Z
MALARIA_CONF_CASES,Number of confirmed malaria cases,numeric,AFR,Africa,Country,NGA,Nigeria,Year,2019,false,,,,,,,,,,,,,19806915,,,,,,19 806 915,,,EN,2025-12-18T16:00:00.000Z
MALARIA_CONF_CASES,Number of confirmed malaria cases,numeric,AMR,Americas,Country,BRA,Brazil,Year,2019,false,,,,,,,,,,,,,190745,,,,,,190 745,,,EN,2025-12-18T16:00:00.000Z
MALARIA_CONF_CASES,Number of confirmed malaria cases,numeric,AMR,Americas,Country,ECU,Ecuador,Year,2019,false,,,,,,,,,,,,,1909,,,,,,1909,,,EN,2025-12-18T16:00:00.000Z
MALARIA_CONF_CASES,Number of confirmed malaria cases,numeric,AMR,Americas,Country,BLZ,Belize,Year,2019,false,,,,,,,,,,,,,2,,,,,,2,,,EN,2025-12-18T16:00:00.000Z
MALARIA_CONF_CASES,Number of confirmed malaria cases,numeric,EUR,Europe,Country,KAZ,Kazakhstan,Year,2019,false,,,,,,,,,,,,,2,,,,,,2,,,EN,2025-12-18T16:00:00.000Z
MALARIA_CONF_CASES,Number of confirmed malaria cases,numeric,AMR,Americas,Country,PRY,Paraguay,Year,2019,false,,,,,,,,,,,,,2,,,,,,2,,,EN,2025-12-18T16:00:00.000Z
MALARIA_CONF_CASES,Number of confirmed malaria cases,numeric,AFR,Africa,Country,GIN,Guinea,Year,2019,false,,,,,,,,,,,,,2143225,,,,,,2 143 225,,,EN,2025-12-18T16:00:00.000Z
MALARIA_CONF_CASES,Number of confirmed malaria cases,numeric,AFR,Africa,Country,TGO,Togo,Year,2019,false,,,,,,,,,,,,,2406091,,,,,,2 406 091,,,EN,2025-12-18T16:00:00.000Z
MALARIA_CONF_CASES,Number of confirmed malaria cases,numeric,AFR,Africa,Country,SLE,Sierra Leone,Year,2019,false,,,,,,,,,,,,,2407505,,,,,,2 407 505,,,EN,2025-12-18T16:00:00.000Z
MALARIA_CONF_CASES,Number of confirmed malaria cases,numeric,AFR,Africa,Country,CAF,Central African Republic,Year,2019,false,,,,,,,,,,,,,2416960,,,,,,2 416 960,,,EN,2025-12-18T16:00:00.000Z
MALARIA_CONF_CASES,Number of confirmed malaria cases,numeric,AFR,Africa,Country,CMR,Cameroon,Year,2019,false,,,,,,,,,,,,,2819803,,,,,,2 819 803,,,EN,2025-12-18T16:00:00.000Z
MALARIA_CONF_CASES,Number of confirmed malaria cases,numeric,AFR,Africa,Country,BEN,Benin,Year,2019,false,,,,,,,,,,,,,2895878,,,,,,2 895 878,,,EN,2025-12-18T16:00:00.000Z
MALARIA_CONF_CASES,Number of confirmed malaria cases,numeric,AMR,Americas,Country,GTM,Guatemala,Year,2019,false,,,,,,,,,,,,,2072,,,,,,2072,,,EN,2025-12-18T16:00:00.000Z
MALARIA_CONF_CASES,Number of confirmed malaria cases,numeric,AFR,Africa,Country,COD,Democratic Republic of the Congo,Year,2019,false,,,,,,,,,,,,,21934127,,,,,,21 934 127,,,EN,2025-12-18T16:00:00.000Z
MALARIA_CONF_CASES,Number of confirmed malaria cases,numeric,AMR,Americas,Country,GUF,French Guiana,Year,2019,false,,,,,,,,,,,,,212,,,,,,212,,,EN,2025-12-18T16:00:00.000Z
MALARIA_CONF_CASES,Number of confirmed malaria cases,numeric,AMR,Americas,Country,SUR,Suriname,Year,2019,false,,,,,,,,,,,,,215,,,,,,215,,,EN,2025-12-18T16:00:00.000Z
MALARIA_CONF_CASES,Number of confirmed malaria cases,numeric,EMR,Eastern Mediterranean,Country,SAU,Saudi Arabia,Year,2019,false,,,,,,,,,,,,,2152,,,,,,2152,,,EN,2025-12-18T16:00:00.000Z
MALARIA_CONF_CASES,Number of confirmed malaria cases,numeric,AMR,Americas,Country,ARG,Argentina,Year,2019,false,,,,,,,,,,,,,22,,,,,,22,,,EN,2025-12-18T16:00:00.000Z
MALARIA_CONF_CASES,Number of confirmed malaria cases,numeric,AMR,Americas,Country,PER,Peru,Year,2019,false,,,,,,,,,,,,,24483,,,,,,24 483,,,EN,2025-12-18T16:00:00.000Z
MALARIA_CONF_CASES,Number of confirmed malaria cases,numeric,AFR,Africa,Country,STP,Sao Tome and Principe,Year,2019,false,,,,,,,,,,,,,2457,,,,,,2457,,,EN,2025-12-18T16:00:00.000Z
MALARIA_CONF_CASES,Number of confirmed malaria cases,numeric,WPR,Western Pacific,Country,CHN,China,Year,2019,false,,,,,,,,,,,,,2482,,,,,,2482,,,EN,2025-12-18T16:00:00.000Z
MALARIA_CONF_CASES,Number of confirmed malaria cases,numeric,AFR,Africa,Country,GNQ,Equatorial Guinea,Year,2019,false,,,,,,,,,,,,,25904,,,,,,25 904,,,EN,2025-12-18T16:00:00.000Z
MALARIA_CONF_CASES,Number of confirmed malaria cases,numeric,WPR,Western Pacific,Country,IDN,Indonesia,Year,2019,false,,,,,,,,,,,,,250646,,,,,,250 646,,,EN,2025-12-18T16:00:00.000Z
MALARIA_CONF_CASES,Number of confirmed malaria cases,numeric,AFR,Africa,Country,BWA,Botswana,Year,2019,false,,,,,,,,,,,,,272,,,,,,272,,,EN,2025-12-18T16:00:00.000Z
MALARIA_CONF_CASES,Number of confirmed malaria cases,numeric,EUR,Europe,Country,TUR,Türkiye,Year,2019,false,,,,,,,,,,,,,279,,,,,,279,,,EN,2025-12-18T16:00:00.000Z
MALARIA_CONF_CASES,Number of confirmed malaria cases,numeric,AMR,Americas,Country,SLV,El Salvador,Year,2019,false,,,,,,,,,,,,,3,,,,,,3,,,EN,2025-12-18T16:00:00.000Z
MALARIA_CONF_CASES,Number of confirmed malaria cases,numeric,EUR,Europe,Country,TJK,Tajikistan,Year,2019,false,,,,,,,,,,,,,3,,,,,,3,,,EN,2025-12-18T16:00:00.000Z
MALARIA_CONF_CASES,Number of confirmed malaria cases,numeric,EUR,Europe,Country,TKM,Turkmenistan,Year,2019,false,,,,,,,,,,,,,3,,,,,,3,,,EN,2025-12-18T16:00:00.000Z
MALARIA_CONF_CASES,Number of confirmed malaria cases,numeric,AFR,Africa,Country,MLI,Mali,Year,2019,false,,,,,,,,,,,,,3221535,,,,,,3 221 535,,,EN,2025-12-18T16:00:00.000Z
MALARIA_CONF_CASES,Number of confirmed malaria cases,numeric,AFR,Africa,Country,RWA,Rwanda,Year,2019,false,,,,,,,,,,,,,3612822,,,,,,3 612 822,,,EN,2025-12-18T16:00:00.000Z
MALARIA_CONF_CASES,Number of confirmed malaria cases,numeric,AFR,Africa,Country,NER,Niger,Year,2019,false,,,,,,,,,,,,,3771451,,,,,,3 771 451,,,EN,2025-12-18T16:00:00.000Z
MALARIA_CONF_CASES,Number of confirmed malaria cases,numeric,AFR,Africa,Country,ZWE,Zimbabwe,Year,2019,false,,,,,,,,,,,,,308173,,,,,,308 173,,,EN,2025-12-18T16:00:00.000Z
MALARIA_CONF_CASES,Number of confirmed malaria cases,numeric,WPR,Western Pacific,Country,KHM,Cambodia,Year,2019,false,,,,,,,,,,,,,32197,,,,,,32 197,,,EN,2025-12-18T16:00:00.000Z
MALARIA_CONF_CASES,Number of confirmed malaria cases,numeric,SEAR,South-East Asia,Country,IND,India,Year,2019,false,,,,,,,,,,,,,338494,,,,,,338 494,,,EN,2025-12-18T16:00:00.000Z
MALARIA_CONF_CASES,Number of confirmed malaria cases,numeric,AFR,Africa,Country,NAM,Namibia,Year,2019,false,,,,,,,,,,,,,3404,,,,,,3404,,,EN,2025-12-18T16:00:00.000Z
MALARIA_CONF_CASES,Number of confirmed malaria cases,numeric,AFR,Africa,Country,SEN,Senegal,Year,2019,false,,,,,,,,,,,,,354708,,,,,,354 708,,,EN,2025-12-18T16:00:00.000Z
MALARIA_CONF_CASES,Number of confirmed malaria cases,numeric,EMR,Eastern Mediterranean,Country,SOM,Somalia,Year,2019,false,,,,,,,,,,,,,39687,,,,,,39 687,,,EN,2025-12-18T16:00:00.000Z
MALARIA_CONF_CASES,Number of confirmed malaria cases,numeric,AMR,Americas,Country,HND,Honduras,Year,2019,false,,,,,,,,,,,,,391,,,,,,391,,,EN,2025-12-18T16:00:00.000Z
MALARIA_CONF_CASES,Number of confirmed malaria cases,numeric,WPR,Western Pacific,Country,MYS,Malaysia,Year,2019,false,,,,,,,,,,,,,3941,,,,,,3941,,,EN,2025-12-18T16:00:00.000Z
MALARIA_CONF_CASES,Number of confirmed malaria cases,numeric,AFR,Africa,Country,CPV,Cabo Verde,Year,2019,false,,,,,,,,,,,,,40,,,,,,40,,,EN,2025-12-18T16:00:00.000Z
MALARIA_CONF_CASES,Number of confirmed malaria cases,numeric,EMR,Eastern Mediterranean,Country,PAK,Pakistan,Year,2019,false,,,,,,,,,,,,,413533,,,,,,413 533,,,EN,2025-12-18T16:00:00.000Z
MALARIA_CONF_CASES,Number of confirmed malaria cases,numeric,SEAR,South-East Asia,Country,BTN,Bhutan,Year,2019,false,,,,,,,,,,,,,42,,,,,,42,,,EN,2025-12-18T16:00:00.000Z
MALARIA_CONF_CASES,Number of confirmed malaria cases,numeric,WPR,Western Pacific,Country,VNM,Viet Nam,Year,2019,false,,,,,,,,,,,,,4765,,,,,,4765,,,EN,2025-12-18T16:00:00.000Z
MALARIA_CONF_CASES,Number of confirmed malaria cases,numeric,EMR,Eastern Mediterranean,Country,DJI,Djibouti,Year,2019,false,,,,,,,,,,,,,49402,,,,,,49 402,,,EN,2025-12-18T16:00:00.000Z
MALARIA_CONF_CASES,Number of confirmed malaria cases,numeric,AMR,Americas,Country,VEN,Venezuela (Bolivarian Republic of),Year,2019,false,,,,,,,,,,,,,492753,,,,,,492 753,,,EN,2025-12-18T16:00:00.000Z
MALARIA_CONF_CASES,Number of confirmed malaria cases,numeric,AFR,Africa,Country,KEN,Kenya,Year,2019,false,,,,,,,,,,,,,5019389,,,,,,5 019 389,,,EN,2025-12-18T16:00:00.000Z
MALARIA_CONF_CASES,Number of confirmed malaria cases,numeric,AFR,Africa,Country,MWI,Malawi,Year,2019,false,,,,,,,,,,,,,5129919,,,,,,5 129 919,,,EN,2025-12-18T16:00:00.000Z
MALARIA_CONF_CASES,Number of confirmed malaria cases,numeric,AFR,Africa,Country,ZMB,Zambia,Year,2019,false,,,,,,,,,,,,,5147350,,,,,,5 147 350,,,EN,2025-12-18T16:00:00.000Z
MALARIA_CONF_CASES,Number of confirmed malaria cases,numeric,AFR,Africa,Country,BFA,Burkina Faso,Year,2019,false,,,,,,,,,,,,,5877426,,,,,,5 877 426,,,EN,2025-12-18T16:00:00.000Z
MALARIA_CONF_CASES,Number of confirmed malaria cases,numeric,AFR,Africa,Country,CIV,Cote d'Ivoire,Year,2019,false,,,,,,,,,,,,,5935178,,,,,,5 935 178,,,EN,2025-12-18T16:00:00.000Z
MALARIA_CONF_CASES,Number of confirmed malaria cases,numeric,AFR,Africa,Country,GAB,Gabon,Year,2019,false,,,,,,,,,,,,,53182,,,,,,53 182,,,EN,2025-12-18T16:00:00.000Z
MALARIA_CONF_CASES,Number of confirmed malaria cases,numeric,AFR,Africa,Country,GMB,Gambia,Year,2019,false,,,,,,,,,,,,,53386,,,,,,53 386,,,EN,2025-12-18T16:00:00.000Z
MALARIA_CONF_CASES,Number of confirmed malaria cases,numeric,SEAR,South-East Asia,Country,LKA,Sri Lanka,Year,2019,false,,,,,,,,,,,,,54,,,,,,54,,,EN,2025-12-18T16:00:00.000Z
MALARIA_CONF_CASES,Number of confirmed malaria cases,numeric,SEAR,South-East Asia,Country,THA,Thailand,Year,2019,false,,,,,,,,,,,,,5421,,,,,,5421,,,EN,2025-12-18T16:00:00.000Z
MALARIA_CONF_CASES,Number of confirmed malaria cases,numeric,AFR,Africa,Country,MYT,Mayotte,Year,2019,false,,,,,,,,,,,,,55,,,,,,55,,,EN,2025-12-18T16:00:00.000Z
MALARIA_CONF_CASES,Number of confirmed malaria cases,numeric,WPR,Western Pacific,Country,KOR,Republic of Korea,Year,2019,false,,,,,,,,,,,,,559,,,,,,559,,,EN,2025-12-18T16:00:00.000Z
MALARIA_CONF_CASES,Number of confirmed malaria cases,numeric,SEAR,South-East Asia,Country,MMR,Myanmar,Year,2019,false,,,,,,,,,,,,,56414,,,,,,56 414,,,EN,2025-12-18T16:00:00.000Z
MALARIA_CONF_CASES,Number of confirmed malaria cases,numeric,WPR,Western Pacific,Country,VUT,Vanuatu,Year,2019,false,,,,,,,,,,,,,576,,,,,,576,,,EN,2025-12-18T16:00:00.000Z
MALARIA_CONF_CASES,Number of confirmed malaria cases,numeric,WPR,Western Pacific,Country,PHL,Philippines,Year,2019,false,,,,,,,,,,,,,5778,,,,,,5778,,,EN,2025-12-18T16:00:00.000Z
MALARIA_CONF_CASES,Number of confirmed malaria cases,numeric,AFR,Africa,Country,SWZ,Eswatini,Year,2019,false,,,,,,,,,,,,,589,,,,,,589,,,EN,2025-12-18T16:00:00.000Z
MALARIA_CONF_CASES,Number of confirmed malaria cases,numeric,AFR,Africa,Country,GHA,Ghana,Year,2019,false,,,,,,,,,,,,,6115267,,,,,,6 115 267,,,EN,2025-12-18T16:00:00.000Z
MALARIA_CONF_CASES,Number of confirmed malaria cases,numeric,AFR,Africa,Country,TZA,United Republic of Tanzania,Year,2019,false,,,,,,,,,,,,,6485437,,,,,,6 485 437,,,EN,2025-12-18T16:00:00.000Z
MALARIA_CONF_CASES,Number of confirmed malaria cases,numeric,AMR,Americas,Country,MEX,Mexico,Year,2019,false,,,,,,,,,,,,,641,,,,,,641,,,EN,2025-12-18T16:00:00.000Z
MALARIA_CONF_CASES,Number of confirmed malaria cases,numeric,WPR,Western Pacific,Country,PNG,Papua New Guinea,Year,2019,false,,,,,,,,,,,,,646648,,,,,,646 648,,,EN,2025-12-18T16:00:00.000Z
MALARIA_CONF_CASES,Number of confirmed malaria cases,numeric,WPR,Western Pacific,Country,LAO,Lao People's Democratic Republic,Year,2019,false,,,,,,,,,,,,,6692,,,,,,6692,,,EN,2025-12-18T16:00:00.000Z
MALARIA_CONF_CASES,Number of confirmed malaria cases,numeric,AFR,Africa,Country,AGO,Angola,Year,2019,false,,,,,,,,,,,,,7054978,,,,,,7 054 978,,,EN,2025-12-18T16:00:00.000Z
MALARIA_CONF_CASES,Number of confirmed malaria cases,numeric,SEAR,South-East Asia,Country,NPL,Nepal,Year,2019,false,,,,,,,,,,,,,710,,,,,,710,,,EN,2025-12-18T16:00:00.000Z
MALARIA_CONF_CASES,Number of confirmed malaria cases,numeric,WPR,Western Pacific,Country,SLB,Solomon Islands,Year,2019,false,,,,,,,,,,,,,72767,,,,,,72 767,,,EN,2025-12-18T16:00:00.000Z
MALARIA_CONF_CASES,Number of confirmed malaria cases,numeric,EUR,Europe,Country,GEO,Georgia,Year,2019,false,,,,,,,,,,,,,8,,,,,,8,,,EN,2025-12-18T16:00:00.000Z
MALARIA_CONF_CASES,Number of confirmed malaria cases,numeric,AMR,Americas,Country,COL,Colombia,Year,2019,false,,,,,,,,,,,,,82721,,,,,,82 721,,,EN,2025-12-18T16:00:00.000Z
MALARIA_CONF_CASES,Number of confirmed malaria cases,numeric,SEAR,South-East Asia,Country,TLS,Timor-Leste,Year,2019,false,,,,,,,,,,,,,9,,,,,,9,,,EN,2025-12-18T16:00:00.000Z
MALARIA_CONF_CASES,Number of confirmed malaria cases,numeric,AFR,Africa,Country,BDI,Burundi,Year,2019,false,,,,,,,,,,,,,9959533,,,,,,9 959 533,,,EN,2025-12-18T16:00:00.000Z
MALARIA_CONF_CASES,Number of confirmed malaria cases,numeric,AFR,Africa,Country,ETH,Ethiopia,Year,2019,false,,,,,,,,,,,,,904495,,,,,,904 495,,,EN,2025-12-18T16:00:00.000Z
MALARIA_CONF_CASES,Number of confirmed malaria cases,numeric,AFR,Africa,Country,LBR,Liberia,Year,2019,false,,,,,,,,,,,,,915845,,,,,,915 845,,,EN,2025-12-18T16:00:00.000Z
MALARIA_CONF_CASES,Number of confirmed malaria cases,numeric,AFR,Africa,Country,ERI,Eritrea,Year,2019,false,,,,,,,,,,,,,93878,,,,,,93 878,,,EN,2025-12-18T16:00:00.000Z
MALARIA_CONF_CASES,Number of confirmed malaria cases,numeric,AMR,Americas,Country,BOL,Bolivia (Plurinational State of),Year,2019,false,,,,,,,,,,,,,9357,,,,,,9357,,,EN,2025-12-18T16:00:00.000Z
MALARIA_CONF_CASES,Number of confirmed malaria cases,numeric,AFR,Africa,Country,MDG,Madagascar,Year,2019,false,,,,,,,,,,,,,970828,,,,,,970 828,,,EN,2025-12-18T16:00:00.000Z
MALARIA_CONF_CASES,Number of confirmed malaria cases,numeric,EUR,Europe,Country,KGZ,Kyrgyzstan,Year,2018,false,,,,,,,,,,,,,0,,,,,,0,,,EN,2025-12-18T16:00:00.000Z
MALARIA_CONF_CASES,Number of confirmed malaria cases,numeric,AMR,Americas,Country,PRY,Paraguay,Year,2018,false,,,,,,,,,,,,,0,,,,,,0,,,EN,2025-12-18T16:00:00.000Z
MALARIA_CONF_CASES,Number of confirmed malaria cases,numeric,EUR,Europe,Country,TKM,Turkmenistan,Year,2018,false,,,,,,,,,,,,,0,,,,,,0,,,EN,2025-12-18T16:00:00.000Z
MALARIA_CONF_CASES,Number of confirmed malaria cases,numeric,EUR,Europe,Country,UZB,Uzbekistan,Year,2018,false,,,,,,,,,,,,,0,,,,,,0,,,EN,2025-12-18T16:00:00.000Z
MALARIA_CONF_CASES,Number of confirmed malaria cases,numeric,EUR,Europe,Country,TJK,Tajikistan,Year,2018,false,,,,,,,,,,,,,1,,,,,,1,,,EN,2025-12-18T16:00:00.000Z
MALARIA_CONF_CASES,Number of confirmed malaria cases,numeric,AFR,Africa,Country,GIN,Guinea,Year,2018,false,,,,,,,,,,,,,1214996,,,,,,1 214 996,,,EN,2025-12-18T16:00:00.000Z
MALARIA_CONF_CASES,Number of confirmed malaria cases,numeric,AFR,Africa,Country,TCD,Chad,Year,2018,false,,,,,,,,,,,,,1364706,,,,,,1 364 706,,,EN,2025-12-18T16:00:00.000Z
MALARIA_CONF_CASES,Number of confirmed malaria cases,numeric,EMR,Eastern Mediterranean,Country,SDN,Sudan,Year,2018,false,,,,,,,,,,,,,1648683,,,,,,1 648 683,,,EN,2025-12-18T16:00:00.000Z
MALARIA_CONF_CASES,Number of confirmed malaria cases,numeric,AFR,Africa,Country,SLE,Sierra Leone,Year,2018,false,,,,,,,,,,,,,1733831,,,,,,1 733 831,,,EN,2025-12-18T16:00:00.000Z
MALARIA_CONF_CASES,Number of confirmed malaria cases,numeric,AFR,Africa,Country,BEN,Benin,Year,2018,false,,,,,,,,,,,,,1975812,,,,,,1 975 812,,,EN,2025-12-18T16:00:00.000Z
MALARIA_CONF_CASES,Number of confirmed malaria cases,numeric,AFR,Africa,Country,BFA,Burkina Faso,Year,2018,false,,,,,,,,,,,,,10278970,,,,,,10 278 970,,,EN,2025-12-18T16:00:00.000Z
MALARIA_CONF_CASES,Number of confirmed malaria cases,numeric,AFR,Africa,Country,MOZ,Mozambique,Year,2018,false,,,,,,,,,,,,,10304472,,,,,,10 304 472,,,EN,2025-12-18T16:00:00.000Z
MALARIA_CONF_CASES,Number of confirmed malaria cases,numeric,SEAR,South-East Asia,Country,BGD,Bangladesh,Year,2018,false,,,,,,,,,,,,,10523,,,,,,10 523,,,EN,2025-12-18T16:00:00.000Z
MALARIA_CONF_CASES,Number of confirmed malaria cases,numeric,AFR,Africa,Country,ZAF,South Africa,Year,2018,false,,,,,,,,,,,,,10789,,,,,,10 789,,,EN,2025-12-18T16:00:00.000Z
MALARIA_CONF_CASES,Number of confirmed malaria cases,numeric,AMR,Americas,Country,CRI,Costa Rica,Year,2018,false,,,,,,,,,,,,,110,,,,,,110,,,EN,2025-12-18T16:00:00.000Z
MALARIA_CONF_CASES,Number of confirmed malaria cases,numeric,AFR,Africa,Country,GAB,Gabon,Year,2018,false,,,,,,,,,,,,,111719,,,,,,111 719,,,EN,2025-12-18T16:00:00.000Z
MALARIA_CONF_CASES,Number of confirmed malaria cases,numeric,AFR,Africa,Country,COG,Congo,Year,2018,false,,,,,,,,,,,,,116903,,,,,,116 903,,,EN,2025-12-18T16:00:00.000Z
MALARIA_CONF_CASES,Number of confirmed malaria cases,numeric,AFR,Africa,Country,DZA,Algeria,Year,2018,false,,,,,,,,,,,,,1242,,,,,,1242,,,EN,2025-12-18T16:00:00.000Z
MALARIA_CONF_CASES,Number of confirmed malaria cases,numeric,SEAR,South-East Asia,Country,NPL,Nepal,Year,2018,false,,,,,,,,,,,,,1293,,,,,,1293,,,EN,2025-12-18T16:00:00.000Z
MALARIA_CONF_CASES,Number of confirmed malaria cases,numeric,AFR,Africa,Country,NGA,Nigeria,Year,2018,false,,,,,,,,,,,,,14548024,,,,,,14 548 024,,,EN,2025-12-18T16:00:00.000Z
MALARIA_CONF_CASES,Number of confirmed malaria cases,numeric,AFR,Africa,Country,COM,Comoros,Year,2018,false,,,,,,,,,,,,,15613,,,,,,15 613,,,EN,2025-12-18T16:00:00.000Z
MALARIA_CONF_CASES,Number of confirmed malaria cases,numeric,AMR,Americas,Country,NIC,Nicaragua,Year,2018,false,,,,,,,,,,,,,15934,,,,,,15 934,,,EN,2025-12-18T16:00:00.000Z
MALARIA_CONF_CASES,Number of confirmed malaria cases,numeric,EMR,Eastern Mediterranean,Country,YEM,Yemen,Year,2018,false,,,,,,,,,,,,,157900,,,,,,157 900,,,EN,2025-12-18T16:00:00.000Z
MALARIA_CONF_CASES,Number of confirmed malaria cases,numeric,AFR,Africa,Country,COD,Democratic Republic of the Congo,Year,2018,false,,,,,,,,,,,,,16972207,,,,,,16 972 207,,,EN,2025-12-18T16:00:00.000Z
MALARIA_CONF_CASES,Number of confirmed malaria cases,numeric,AMR,Americas,Country,GUY,Guyana,Year,2018,false,,,,,,,,,,,,,17038,,,,,,17 038,,,EN,2025-12-18T16:00:00.000Z
MALARIA_CONF_CASES,Number of confirmed malaria cases,numeric,AFR,Africa,Country,GNB,Guinea-Bissau,Year,2018,false,,,,,,,,,,,,,171075,,,,,,171 075,,,EN,2025-12-18T16:00:00.000Z
MALARIA_CONF_CASES,Number of confirmed malaria cases,numeric,AMR,Americas,Country,ECU,Ecuador,Year,2018,false,,,,,,,,,,,,,1806,,,,,,1806,,,EN,2025-12-18T16:00:00.000Z
MALARIA_CONF_CASES,Number of confirmed malaria cases,numeric,EUR,Europe,Country,AZE,Azerbaijan,Year,2018,false,,,,,,,,,,,,,2,,,,,,2,,,EN,2025-12-18T16:00:00.000Z
MALARIA_CONF_CASES,Number of confirmed malaria cases,numeric,AMR,Americas,Country,SLV,El Salvador,Year,2018,false,,,,,,,,,,,,,2,,,,,,2,,,EN,2025-12-18T16:00:00.000Z
MALARIA_CONF_CASES,Number of confirmed malaria cases,numeric,AFR,Africa,Country,TGO,Togo,Year,2018,false,,,,,,,,,,,,,2002877,,,,,,2 002 877,,,EN,2025-12-18T16:00:00.000Z
MALARIA_CONF_CASES,Number of confirmed malaria cases,numeric,AFR,Africa,Country,CMR,Cameroon,Year,2018,false,,,,,,,,,,,,,2257633,,,,,,2 257 633,,,EN,2025-12-18T16:00:00.000Z
MALARIA_CONF_CASES,Number of confirmed malaria cases,numeric,AFR,Africa,Country,KEN,Kenya,Year,2018,false,,,,,,,,,,,,,2318090,,,,,,2 318 090,,,EN,2025-12-18T16:00:00.000Z
MALARIA_CONF_CASES,Number of confirmed malaria cases,numeric,AFR,Africa,Country,MLI,Mali,Year,2018,false,,,,,,,,,,,,,2345475,,,,,,2 345 475,,,EN,2025-12-18T16:00:00.000Z
MALARIA_CONF_CASES,Number of confirmed malaria cases,numeric,AFR,Africa,Country,CPV,Cabo Verde,Year,2018,false,,,,,,,,,,,,,21,,,,,,21,,,EN,2025-12-18T16:00:00.000Z
MALARIA_CONF_CASES,Number of confirmed malaria cases,numeric,WPR,Western Pacific,Country,IDN,Indonesia,Year,2018,false,,,,,,,,,,,,,222345,,,,,,222 345,,,EN,2025-12-18T16:00:00.000Z
MALARIA_CONF_CASES,Number of confirmed malaria cases,numeric,AMR,Americas,Country,SUR,Suriname,Year,2018,false,,,,,,,,,,,,,235,,,,,,235,,,EN,2025-12-18T16:00:00.000Z
MALARIA_CONF_CASES,Number of confirmed malaria cases,numeric,EUR,Europe,Country,TUR,Türkiye,Year,2018,false,,,,,,,,,,,,,238,,,,,,238,,,EN,2025-12-18T16:00:00.000Z
MALARIA_CONF_CASES,Number of confirmed malaria cases,numeric,AMR,Americas,Country,BRA,Brazil,Year,2018,false,,,,,,,,,,,,,244042,,,,,,244 042,,,EN,2025-12-18T16:00:00.000Z
MALARIA_CONF_CASES,Number of confirmed malaria cases,numeric,EMR,Eastern Mediterranean,Country,AFG,Afghanistan,Year,2018,false,,,,,,,,,,,,,248689,,,,,,248 689,,,EN,2025-12-18T16:00:00.000Z
MALARIA_CONF_CASES,Number of confirmed malaria cases,numeric,EMR,Eastern Mediterranean,Country,DJI,Djibouti,Year,2018,false,,,,,,,,,,,,,25319,,,,,,25 319,,,EN,2025-12-18T16:00:00.000Z
MALARIA_CONF_CASES,Number of confirmed malaria cases,numeric,WPR,Western Pacific,Country,CHN,China,Year,2018,false,,,,,,,,,,,,,2511,,,,,,2511,,,EN,2025-12-18T16:00:00.000Z
MALARIA_CONF_CASES,Number of confirmed malaria cases,numeric,AFR,Africa,Country,ZWE,Zimbabwe,Year,2018,false,,,,,,,,,,,,,266789,,,,,,266 789,,,EN,2025-12-18T16:00:00.000Z
MALARIA_CONF_CASES,Number of confirmed malaria cases,numeric,EMR,Eastern Mediterranean,Country,SAU,Saudi Arabia,Year,2018,false,,,,,,,,,,,,,2711,,,,,,2711,,,EN,2025-12-18T16:00:00.000Z
MALARIA_CONF_CASES,Number of confirmed malaria cases,numeric,AMR,Americas,Country,ARG,Argentina,Year,2018,false,,,,,,,,,,,,,28,,,,,,28,,,EN,2025-12-18T16:00:00.000Z
MALARIA_CONF_CASES,Number of confirmed malaria cases,numeric,AFR,Africa,Country,STP,Sao Tome and Principe,Year,2018,false,,,,,,,,,,,,,2940,,,,,,2940,,,EN,2025-12-18T16:00:00.000Z
MALARIA_CONF_CASES,Number of confirmed malaria cases,numeric,AFR,Africa,Country,NER,Niger,Year,2018,false,,,,,,,,,,,,,3046450,,,,,,3 046 450,,,EN,2025-12-18T16:00:00.000Z
MALARIA_CONF_CASES,Number of confirmed malaria cases,numeric,AFR,Africa,Country,MRT,Mauritania,Year,2018,false,,,,,,,,,,,,,30609,,,,,,30 609,,,EN,2025-12-18T16:00:00.000Z
MALARIA_CONF_CASES,Number of confirmed malaria cases,numeric,AMR,Americas,Country,GTM,Guatemala,Year,2018,false,,,,,,,,,,,,,3021,,,,,,3021,,,EN,2025-12-18T16:00:00.000Z
MALARIA_CONF_CASES,Number of confirmed malaria cases,numeric,EMR,Eastern Mediterranean,Country,SOM,Somalia,Year,2018,false,,,,,,,,,,,,,31021,,,,,,31 021,,,EN,2025-12-18T16:00:00.000Z
MALARIA_CONF_CASES,Number of confirmed malaria cases,numeric,AFR,Africa,Country,NAM,Namibia,Year,2018,false,,,,,,,,,,,,,36451,,,,,,36 451,,,EN,2025-12-18T16:00:00.000Z
MALARIA_CONF_CASES,Number of confirmed malaria cases,numeric,SEAR,South-East Asia,Country,PRK,Democratic People's Republic of Korea,Year,2018,false,,,,,,,,,,,,,3698,,,,,,3698,,,EN,2025-12-18T16:00:00.000Z
MALARIA_CONF_CASES,Number of confirmed malaria cases,numeric,EMR,Eastern Mediterranean,Country,PAK,Pakistan,Year,2018,false,,,,,,,,,,,,,374510,,,,,,374 510,,,EN,2025-12-18T16:00:00.000Z
MALARIA_CONF_CASES,Number of confirmed malaria cases,numeric,EUR,Europe,Country,KAZ,Kazakhstan,Year,2018,false,,,,,,,,,,,,,4,,,,,,4,,,EN,2025-12-18T16:00:00.000Z
MALARIA_CONF_CASES,Number of confirmed malaria cases,numeric,AFR,Africa,Country,RWA,Rwanda,Year,2018,false,,,,,,,,,,,,,4231883,,,,,,4 231 883,,,EN,2025-12-18T16:00:00.000Z
MALARIA_CONF_CASES,Number of confirmed malaria cases,numeric,AFR,Africa,Country,CIV,Cote d'Ivoire,Year,2018,false,,,,,,,,,,,,,4766477,,,,,,4 766 477,,,EN,2025-12-18T16:00:00.000Z
MALARIA_CONF_CASES,Number of confirmed malaria cases,numeric,AFR,Africa,Country,GHA,Ghana,Year,2018,false,,,,,,,,,,,,,4931454,,,,,,4 931 454,,,EN,2025-12-18T16:00:00.000Z
MALARIA_CONF_CASES,Number of confirmed malaria cases,numeric,AFR,Africa,Country,BDI,Burundi,Year,2018,false,,,,,,,,,,,,,4966511,,,,,,4 966 511,,,EN,2025-12-18T16:00:00.000Z
MALARIA_CONF_CASES,Number of confirmed malaria cases,numeric,SEAR,South-East Asia,Country,IND,India,Year,2018,false,,,,,,,,,,,,,429928,,,,,,429 928,,,EN,2025-12-18T16:00:00.000Z
MALARIA_CONF_CASES,Number of confirmed malaria cases,numeric,AMR,Americas,Country,PER,Peru,Year,2018,false,,,,,,,,,,,,,45619,,,,,,45 619,,,EN,2025-12-18T16:00:00.000Z
MALARIA_CONF_CASES,Number of confirmed malaria cases,numeric,AFR,Africa,Country,ERI,Eritrea,Year,2018,false,,,,,,,,,,,,,46440,,,,,,46 440,,,EN,2025-12-18T16:00:00.000Z
MALARIA_CONF_CASES,Number of confirmed malaria cases,numeric,WPR,Western Pacific,Country,MYS,Malaysia,Year,2018,false,,,,,,,,,,,,,4630,,,,,,4630,,,EN,2025-12-18T16:00:00.000Z
MALARIA_CONF_CASES,Number of confirmed malaria cases,numeric,WPR,Western Pacific,Country,PHL,Philippines,Year,2018,false,,,,,,,,,,,,,4641,,,,,,4641,,,EN,2025-12-18T16:00:00.000Z
MALARIA_CONF_CASES,Number of confirmed malaria cases,numeric,AFR,Africa,Country,MYT,Mayotte,Year,2018,false,,,,,,,,,,,,,47,,,,,,47,,,EN,2025-12-18T16:00:00.000Z
MALARIA_CONF_CASES,Number of confirmed malaria cases,numeric,WPR,Western Pacific,Country,VNM,Viet Nam,Year,2018,false,,,,,,,,,,,,,4813,,,,,,4813,,,EN,2025-12-18T16:00:00.000Z
MALARIA_CONF_CASES,Number of confirmed malaria cases,numeric,AMR,Americas,Country,DOM,Dominican Republic,Year,2018,false,,,,,,,,,,,,,484,,,,,,484,,,EN,2025-12-18T16:00:00.000Z
MALARIA_CONF_CASES,Number of confirmed malaria cases,numeric,AFR,Africa,Country,ZMB,Zambia,Year,2018,false,,,,,,,,,,,,,5039679,,,,,,5 039 679,,,EN,2025-12-18T16:00:00.000Z
MALARIA_CONF_CASES,Number of confirmed malaria cases,numeric,AFR,Africa,Country,AGO,Angola,Year,2018,false,,,,,,,,,,,,,5150575,,,,,,5 150 575,,,EN,2025-12-18T16:00:00.000Z
MALARIA_CONF_CASES,Number of confirmed malaria cases,numeric,AFR,Africa,Country,UGA,Uganda,Year,2018,false,,,,,,,,,,,,,5759174,,,,,,5 759 174,,,EN,2025-12-18T16:00:00.000Z
MALARIA_CONF_CASES,Number of confirmed malaria cases,numeric,AFR,Africa,Country,MWI,Malawi,Year,2018,false,,,,,,,,,,,,,5865476,,,,,,5 865 476,,,EN,2025-12-18T16:00:00.000Z
MALARIA_CONF_CASES,Number of confirmed malaria cases,numeric,WPR,Western Pacific,Country,PNG,Papua New Guinea,Year,2018,false,,,,,,,,,,,,,516249,,,,,,516 249,,,EN,2025-12-18T16:00:00.000Z
MALARIA_CONF_CASES,Number of confirmed malaria cases,numeric,SEAR,South-East Asia,Country,LKA,Sri Lanka,Year,2018,false,,,,,,,,,,,,,52,,,,,,52,,,EN,2025-12-18T16:00:00.000Z
MALARIA_CONF_CASES,Number of confirmed malaria cases,numeric,AMR,Americas,Country,VEN,Venezuela (Bolivarian Republic of),Year,2018,false,,,,,,,,,,,,,522059,,,,,,522 059,,,EN,2025-12-18T16:00:00.000Z
MALARIA_CONF_CASES,Number of confirmed malaria cases,numeric,AFR,Africa,Country,SEN,Senegal,Year,2018,false,,,,,,,,,,,,,530944,,,,,,530 944,,,EN,2025-12-18T16:00:00.000Z
MALARIA_CONF_CASES,Number of confirmed malaria cases,numeric,AMR,Americas,Country,BOL,Bolivia (Plurinational State of),Year,2018,false,,,,,,,,,,,,,5354,,,,,,5354,,,EN,2025-12-18T16:00:00.000Z
MALARIA_CONF_CASES,Number of confirmed malaria cases,numeric,SEAR,South-East Asia,Country,BTN,Bhutan,Year,2018,false,,,,,,,,,,,,,54,,,,,,54,,,EN,2025-12-18T16:00:00.000Z
MALARIA_CONF_CASES,Number of confirmed malaria cases,numeric,AMR,Americas,Country,GUF,French Guiana,Year,2018,false,,,,,,,,,,,,,546,,,,,,546,,,EN,2025-12-18T16:00:00.000Z
MALARIA_CONF_CASES,Number of confirmed malaria cases,numeric,WPR,Western Pacific,Country,KOR,Republic of Korea,Year,2018,false,,,,,,,,,,,,,576,,,,,,576,,,EN,2025-12-18T16:00:00.000Z
MALARIA_CONF_CASES,Number of confirmed malaria cases,numeric,AFR,Africa,Country,BWA,Botswana,Year,2018,false,,,,,,,,,,,,,585,,,,,,585,,,EN,2025-12-18T16:00:00.000Z
MALARIA_CONF_CASES,Number of confirmed malaria cases,numeric,WPR,Western Pacific,Country,SLB,Solomon Islands,Year,2018,false,,,,,,,,,,,,,59191,,,,,,59 191,,,EN,2025-12-18T16:00:00.000Z
MALARIA_CONF_CASES,Number of confirmed malaria cases,numeric,EUR,Europe,Country,ARM,Armenia,Year,2018,false,,,,,,,,,,,,,6,,,,,,6,,,EN,2025-12-18T16:00:00.000Z
MALARIA_CONF_CASES,Number of confirmed malaria cases,numeric,AFR,Africa,Country,TZA,United Republic of Tanzania,Year,2018,false,,,,,,,,,,,,,6392846,,,,,,6 392 846,,,EN,2025-12-18T16:00:00.000Z
MALARIA_CONF_CASES,Number of confirmed malaria cases,numeric,WPR,Western Pacific,Country,KHM,Cambodia,Year,2018,false,,,,,,,,,,,,,62582,,,,,,62 582,,,EN,2025-12-18T16:00:00.000Z
MALARIA_CONF_CASES,Number of confirmed malaria cases,numeric,EMR,Eastern Mediterranean,Country,IRN,Iran (Islamic Republic of),Year,2018,false,,,,,,,,,,,,,625,,,,,,625,,,EN,2025-12-18T16:00:00.000Z
MALARIA_CONF_CASES,Number of confirmed malaria cases,numeric,AMR,Americas,Country,COL,Colombia,Year,2018,false,,,,,,,,,,,,,63143,,,,,,63 143,,,EN,2025-12-18T16:00:00.000Z
MALARIA_CONF_CASES,Number of confirmed malaria cases,numeric,WPR,Western Pacific,Country,VUT,Vanuatu,Year,2018,false,,,,,,,,,,,,,644,,,,,,644,,,EN,2025-12-18T16:00:00.000Z
MALARIA_CONF_CASES,Number of confirmed malaria cases,numeric,AMR,Americas,Country,HND,Honduras,Year,2018,false,,,,,,,,,,,,,653,,,,,,653,,,EN,2025-12-18T16:00:00.000Z
MALARIA_CONF_CASES,Number of confirmed malaria cases,numeric,SEAR,South-East Asia,Country,THA,Thailand,Year,2018,false,,,,,,,,,,,,,6750,,,,,,6750,,,EN,2025-12-18T16:00:00.000Z
MALARIA_CONF_CASES,Number of confirmed malaria cases,numeric,AMR,Americas,Country,BLZ,Belize,Year,2018,false,,,,,,,,,,,,,7,,,,,,7,,,EN,2025-12-18T16:00:00.000Z
MALARIA_CONF_CASES,Number of confirmed malaria cases,numeric,AMR,Americas,Country,PAN,Panama,Year,2018,false,,,,,,,,,,,,,715,,,,,,715,,,EN,2025-12-18T16:00:00.000Z
MALARIA_CONF_CASES,Number of confirmed malaria cases,numeric,SEAR,South-East Asia,Country,MMR,Myanmar,Year,2018,false,,,,,,,,,,,,,76518,,,,,,76 518,,,EN,2025-12-18T16:00:00.000Z
MALARIA_CONF_CASES,Number of confirmed malaria cases,numeric,SEAR,South-East Asia,Country,TLS,Timor-Leste,Year,2018,false,,,,,,,,,,,,,8,,,,,,8,,,EN,2025-12-18T16:00:00.000Z
MALARIA_CONF_CASES,Number of confirmed malaria cases,numeric,AMR,Americas,Country,MEX,Mexico,Year,2018,false,,,,,,,,,,,,,836,,,,,,836,,,EN,2025-12-18T16:00:00.000Z
MALARIA_CONF_CASES,Number of confirmed malaria cases,numeric,AFR,Africa,Country,GMB,Gambia,Year,2018,false,,,,,,,,,,,,,87448,,,,,,87 448,,,EN,2025-12-18T16:00:00.000Z
MALARIA_CONF_CASES,Number of confirmed malaria cases,numeric,AMR,Americas,Country,HTI,Haiti,Year,2018,false,,,,,,,,,,,,,8828,,,,,,8828,,,EN,2025-12-18T16:00:00.000Z
MALARIA_CONF_CASES,Number of confirmed malaria cases,numeric,AFR,Africa,Country,GNQ,Equatorial Guinea,Year,2018,false,,,,,,,,,,,,,8962,,,,,,8962,,,EN,2025-12-18T16:00:00.000Z
MALARIA_CONF_CASES,Number of confirmed malaria cases,numeric,EUR,Europe,Country,GEO,Georgia,Year,2018,false,,,,,,,,,,,,,9,,,,,,9,,,EN,2025-12-18T16:00:00.000Z
MALARIA_CONF_CASES,Number of confirmed malaria cases,numeric,WPR,Western Pacific,Country,LAO,Lao People's Democratic Republic,Year,2018,false,,,,,,,,,,,,,9038,,,,,,9038,,,EN,2025-12-18T16:00:00.000Z
MALARIA_CONF_CASES,Number of confirmed malaria cases,numeric,AFR,Africa,Country,SWZ,Eswatini,Year,2018,false,,,,,,,,,,,,,957,,,,,,957,,,EN,2025-12-18T16:00:00.000Z
MALARIA_CONF_CASES,Number of confirmed malaria cases,numeric,AFR,Africa,Country,ETH,Ethiopia,Year,2018,false,,,,,,,,,,,,,962087,,,,,,962 087,,,EN,2025-12-18T16:00:00.000Z
MALARIA_CONF_CASES,Number of confirmed malaria cases,numeric,AFR,Africa,Country,CAF,Central African Republic,Year,2018,false,,,,,,,,,,,,,972119,,,,,,972 119,,,EN,2025-12-18T16:00:00.000Z
MALARIA_CONF_CASES,Number of confirmed malaria cases,numeric,AFR,Africa,Country,MDG,Madagascar,Year,2018,false,,,,,,,,,,,,,972790,,,,,,972 790,,,EN,2025-12-18T16:00:00.000Z
MALARIA_CONF_CASES,Number of confirmed malaria cases,numeric,AFR,Africa,Country,SSD,South Sudan,Year,2018,false,,,,,,,,,,,,,98843,,,,,,98 843,,,EN,2025-12-18T16:00:00.000Z
MALARIA_CONF_CASES,Number of confirmed malaria cases,numeric,EUR,Europe,Country,TKM,Turkmenistan,Year,2017,false,,,,,,,,,,,,,0,,,,,,0,,,EN,2025-12-18T16:00:00.000Z
MALARIA_CONF_CASES,Number of confirmed malaria cases,numeric,EUR,Europe,Country,UZB,Uzbekistan,Year,2017,false,,,,,,,,,,,,,0,,,,,,0,,,EN,2025-12-18T16:00:00.000Z
MALARIA_CONF_CASES,Number of confirmed malaria cases,numeric,EUR,Europe,Country,AZE,Azerbaijan,Year,2017,false,,,,,,,,,,,,,1,,,,,,1,,,EN,2025-12-18T16:00:00.000Z
MALARIA_CONF_CASES,Number of confirmed malaria cases,numeric,AFR,Africa,Country,LBR,Liberia,Year,2017,false,,,,,,,,,,,,,1093115,,,,,,1 093 115,,,EN,2025-12-18T16:00:00.000Z
MALARIA_CONF_CASES,Number of confirmed malaria cases,numeric,AFR,Africa,Country,GIN,Guinea,Year,2017,false,,,,,,,,,,,,,1335323,,,,,,1 335 323,,,EN,2025-12-18T16:00:00.000Z
MALARIA_CONF_CASES,Number of confirmed malaria cases,numeric,AFR,Africa,Country,SSD,South Sudan,Year,2017,false,,,,,,,,,,,,,1488005,,,,,,1 488 005,,,EN,2025-12-18T16:00:00.000Z
MALARIA_CONF_CASES,Number of confirmed malaria cases,numeric,AFR,Africa,Country,ETH,Ethiopia,Year,2017,false,,,,,,,,,,,,,1530739,,,,,,1 530 739,,,EN,2025-12-18T16:00:00.000Z
MALARIA_CONF_CASES,Number of confirmed malaria cases,numeric,AFR,Africa,Country,SLE,Sierra Leone,Year,2017,false,,,,,,,,,,,,,1651236,,,,,,1 651 236,,,EN,2025-12-18T16:00:00.000Z
MALARIA_CONF_CASES,Number of confirmed malaria cases,numeric,AFR,Africa,Country,TGO,Togo,Year,2017,false,,,,,,,,,,,,,1756582,,,,,,1 756 582,,,EN,2025-12-18T16:00:00.000Z
MALARIA_CONF_CASES,Number of confirmed malaria cases,numeric,AFR,Africa,Country,BEN,Benin,Year,2017,false,,,,,,,,,,,,,1933912,,,,,,1 933 912,,,EN,2025-12-18T16:00:00.000Z
MALARIA_CONF_CASES,Number of confirmed malaria cases,numeric,AFR,Africa,Country,TCD,Chad,Year,2017,false,,,,,,,,,,,,,1962372,,,,,,1 962 372,,,EN,2025-12-18T16:00:00.000Z
MALARIA_CONF_CASES,Number of confirmed malaria cases,numeric,AFR,Africa,Country,BFA,Burkina Faso,Year,2017,false,,,,,,,,,,,,,10557260,,,,,,10 557 260,,,EN,2025-12-18T16:00:00.000Z
MALARIA_CONF_CASES,Number of confirmed malaria cases,numeric,AMR,Americas,Country,NIC,Nicaragua,Year,2017,false,,,,,,,,,,,,,10952,,,,,,10 952,,,EN,2025-12-18T16:00:00.000Z
MALARIA_CONF_CASES,Number of confirmed malaria cases,numeric,SEAR,South-East Asia,Country,THA,Thailand,Year,2017,false,,,,,,,,,,,,,11440,,,,,,11 440,,,EN,2025-12-18T16:00:00.000Z
MALARIA_CONF_CASES,Number of confirmed malaria cases,numeric,AFR,Africa,Country,UGA,Uganda,Year,2017,false,,,,,,,,,,,,,11667831,,,,,,11 667 831,,,EN,2025-12-18T16:00:00.000Z
MALARIA_CONF_CASES,Number of confirmed malaria cases,numeric,AFR,Africa,Country,SWZ,Eswatini,Year,2017,false,,,,,,,,,,,,,1127,,,,,,1127,,,EN,2025-12-18T16:00:00.000Z
MALARIA_CONF_CASES,Number of confirmed malaria cases,numeric,WPR,Western Pacific,Country,VUT,Vanuatu,Year,2017,false,,,,,,,,,,,,,1228,,,,,,1228,,,EN,2025-12-18T16:00:00.000Z
MALARIA_CONF_CASES,Number of confirmed malaria cases,numeric,AFR,Africa,Country,COG,Congo,Year,2017,false,,,,,,,,,,,,,127939,,,,,,127 939,,,EN,2025-12-18T16:00:00.000Z
MALARIA_CONF_CASES,Number of confirmed malaria cases,numeric,AMR,Americas,Country,HND,Honduras,Year,2017,false,,,,,,,,,,,,,1283,,,,,,1283,,,EN,2025-12-18T16:00:00.000Z
MALARIA_CONF_CASES,Number of confirmed malaria cases,numeric,SEAR,South-East Asia,Country,NPL,Nepal,Year,2017,false,,,,,,,,,,,,,1293,,,,,,1293,,,EN,2025-12-18T16:00:00.000Z
MALARIA_CONF_CASES,Number of confirmed malaria cases,numeric,AFR,Africa,Country,NGA,Nigeria,Year,2017,false,,,,,,,,,,,,,13087878,,,,,,13 087 878,,,EN,2025-12-18T16:00:00.000Z
MALARIA_CONF_CASES,Number of confirmed malaria cases,numeric,AMR,Americas,Country,GUY,Guyana,Year,2017,false,,,,,,,,,,,,,13936,,,,,,13 936,,,EN,2025-12-18T16:00:00.000Z
MALARIA_CONF_CASES,Number of confirmed malaria cases,numeric,AMR,Americas,Country,ECU,Ecuador,Year,2017,false,,,,,,,,,,,,,1380,,,,,,1380,,,EN,2025-12-18T16:00:00.000Z
MALARIA_CONF_CASES,Number of confirmed malaria cases,numeric,EMR,Eastern Mediterranean,Country,DJI,Djibouti,Year,2017,false,,,,,,,,,,,,,14810,,,,,,14 810,,,EN,2025-12-18T16:00:00.000Z
MALARIA_CONF_CASES,Number of confirmed malaria cases,numeric,EMR,Eastern Mediterranean,Country,YEM,Yemen,Year,2017,false,,,,,,,,,,,,,143333,,,,,,143 333,,,EN,2025-12-18T16:00:00.000Z
MALARIA_CONF_CASES,Number of confirmed malaria cases,numeric,AFR,Africa,Country,GNQ,Equatorial Guinea,Year,2017,false,,,,,,,,,,,,,15725,,,,,,15 725,,,EN,2025-12-18T16:00:00.000Z
MALARIA_CONF_CASES,Number of confirmed malaria cases,numeric,AFR,Africa,Country,GNB,Guinea-Bissau,Year,2017,false,,,,,,,,,,,,,152619,,,,,,152 619,,,EN,2025-12-18T16:00:00.000Z
MALARIA_CONF_CASES,Number of confirmed malaria cases,numeric,AMR,Americas,Country,ARG,Argentina,Year,2017,false,,,,,,,,,,,,,16,,,,,,16,,,EN,2025-12-18T16:00:00.000Z
MALARIA_CONF_CASES,Number of confirmed malaria cases,numeric,AFR,Africa,Country,COD,Democratic Republic of the Congo,Year,2017,false,,,,,,,,,,,,,16793002,,,,,,16 793 002,,,EN,2025-12-18T16:00:00.000Z
MALARIA_CONF_CASES,Number of confirmed malaria cases,numeric,AFR,Africa,Country,MYT,Mayotte,Year,2017,false,,,,,,,,,,,,,19,,,,,,19,,,EN,2025-12-18T16:00:00.000Z
MALARIA_CONF_CASES,Number of confirmed malaria cases,numeric,AMR,Americas,Country,HTI,Haiti,Year,2017,false,,,,,,,,,,,,,19135,,,,,,19 135,,,EN,2025-12-18T16:00:00.000Z
MALARIA_CONF_CASES,Number of confirmed malaria cases,numeric,AFR,Africa,Country,BWA,Botswana,Year,2017,false,,,,,,,,,,,,,1909,,,,,,1909,,,EN,2025-12-18T16:00:00.000Z
MALARIA_CONF_CASES,Number of confirmed malaria cases,numeric,EUR,Europe,Country,ARM,Armenia,Year,2017,false,,,,,,,,,,,,,2,,,,,,2,,,EN,2025-12-18T16:00:00.000Z
MALARIA_CONF_CASES,Number of confirmed malaria cases,numeric,EUR,Europe,Country,KGZ,Kyrgyzstan,Year,2017,false,,,,,,,,,,,,,2,,,,,,2,,,EN,2025-12-18T16:00:00.000Z
MALARIA_CONF_CASES,Number of confirmed malaria cases,numeric,AFR,Africa,Country,CMR,Cameroon,Year,2017,false,,,,,,,,,,,,,2244788,,,,,,2 244 788,,,EN,2025-12-18T16:00:00.000Z
MALARIA_CONF_CASES,Number of confirmed malaria cases,numeric,AFR,Africa,Country,MLI,Mali,Year,2017,false,,,,,,,,,,,,,2277218,,,,,,2 277 218,,,EN,2025-12-18T16:00:00.000Z
MALARIA_CONF_CASES,Number of confirmed malaria cases,numeric,AFR,Africa,Country,NER,Niger,Year,2017,false,,,,,,,,,,,,,2761268,,,,,,2 761 268,,,EN,2025-12-18T16:00:00.000Z
MALARIA_CONF_CASES,Number of confirmed malaria cases,numeric,AFR,Africa,Country,MRT,Mauritania,Year,2017,false,,,,,,,,,,,,,20105,,,,,,20 105,,,EN,2025-12-18T16:00:00.000Z
MALARIA_CONF_CASES,Number of confirmed malaria cases,numeric,EUR,Europe,Country,TUR,Türkiye,Year,2017,false,,,,,,,,,,,,,214,,,,,,214,,,EN,2025-12-18T16:00:00.000Z
MALARIA_CONF_CASES,Number of confirmed malaria cases,numeric,AFR,Africa,Country,STP,Sao Tome and Principe,Year,2017,false,,,,,,,,,,,,,2241,,,,,,2241,,,EN,2025-12-18T16:00:00.000Z
MALARIA_CONF_CASES,Number of confirmed malaria cases,numeric,AMR,Americas,Country,BRA,Brazil,Year,2017,false,,,,,,,,,,,,,238517,,,,,,238 517,,,EN,2025-12-18T16:00:00.000Z
MALARIA_CONF_CASES,Number of confirmed malaria cases,numeric,AMR,Americas,Country,CRI,Costa Rica,Year,2017,false,,,,,,,,,,,,,25,,,,,,25,,,EN,2025-12-18T16:00:00.000Z
MALARIA_CONF_CASES,Number of confirmed malaria cases,numeric,WPR,Western Pacific,Country,IDN,Indonesia,Year,2017,false,,,,,,,,,,,,,261617,,,,,,261 617,,,EN,2025-12-18T16:00:00.000Z
MALARIA_CONF_CASES,Number of confirmed malaria cases,numeric,WPR,Western Pacific,Country,CHN,China,Year,2017,false,,,,,,,,,,,,,2666,,,,,,2666,,,EN,2025-12-18T16:00:00.000Z
MALARIA_CONF_CASES,Number of confirmed malaria cases,numeric,SEAR,South-East Asia,Country,BGD,Bangladesh,Year,2017,false,,,,,,,,,,,,,29247,,,,,,29 247,,,EN,2025-12-18T16:00:00.000Z
MALARIA_CONF_CASES,Number of confirmed malaria cases,numeric,AFR,Africa,Country,ZAF,South Africa,Year,2017,false,,,,,,,,,,,,,29615,,,,,,29 615,,,EN,2025-12-18T16:00:00.000Z
MALARIA_CONF_CASES,Number of confirmed malaria cases,numeric,EUR,Europe,Country,KAZ,Kazakhstan,Year,2017,false,,,,,,,,,,,,,3,,,,,,3,,,EN,2025-12-18T16:00:00.000Z
MALARIA_CONF_CASES,Number of confirmed malaria cases,numeric,EUR,Europe,Country,TJK,Tajikistan,Year,2017,false,,,,,,,,,,,,,3,,,,,,3,,,EN,2025-12-18T16:00:00.000Z
MALARIA_CONF_CASES,Number of confirmed malaria cases,numeric,AFR,Africa,Country,KEN,Kenya,Year,2017,false,,,,,,,,,,,,,3607026,,,,,,3 607 026,,,EN,2025-12-18T16:00:00.000Z
MALARIA_CONF_CASES,Number of confirmed malaria cases,numeric,AFR,Africa,Country,AGO,Angola,Year,2017,false,,,,,,,,,,,,,3874892,,,,,,3 874 892,,,EN,2025-12-18T16:00:00.000Z
MALARIA_CONF_CASES,Number of confirmed malaria cases,numeric,SEAR,South-East Asia,Country,TLS,Timor-Leste,Year,2017,false,,,,,,,,,,,,,30,,,,,,30,,,EN,2025-12-18T16:00:00.000Z
MALARIA_CONF_CASES,Number of confirmed malaria cases,numeric,EMR,Eastern Mediterranean,Country,AFG,Afghanistan,Year,2017,false,,,,,,,,,,,,,313086,,,,,,313 086,,,EN,2025-12-18T16:00:00.000Z
MALARIA_CONF_CASES,Number of confirmed malaria cases,numeric,EMR,Eastern Mediterranean,Country,SAU,Saudi Arabia,Year,2017,false,,,,,,,,,,,,,3151,,,,,,3151,,,EN,2025-12-18T16:00:00.000Z
MALARIA_CONF_CASES,Number of confirmed malaria cases,numeric,EMR,Eastern Mediterranean,Country,SOM,Somalia,Year,2017,false,,,,,,,,,,,,,35138,,,,,,35 138,,,EN,2025-12-18T16:00:00.000Z
MALARIA_CONF_CASES,Number of confirmed malaria cases,numeric,AFR,Africa,Country,GAB,Gabon,Year,2017,false,,,,,,,,,,,,,35244,,,,,,35 244,,,EN,2025-12-18T16:00:00.000Z
MALARIA_CONF_CASES,Number of confirmed malaria cases,numeric,EMR,Eastern Mediterranean,Country,PAK,Pakistan,Year,2017,false,,,,,,,,,,,,,369817,,,,,,369 817,,,EN,2025-12-18T16:00:00.000Z
MALARIA_CONF_CASES,Number of confirmed malaria cases,numeric,AFR,Africa,Country,COM,Comoros,Year,2017,false,,,,,,,,,,,,,3896,,,,,,3896,,,EN,2025-12-18T16:00:00.000Z
MALARIA_CONF_CASES,Number of confirmed malaria cases,numeric,AFR,Africa,Country,SEN,Senegal,Year,2017,false,,,,,,,,,,,,,395706,,,,,,395 706,,,EN,2025-12-18T16:00:00.000Z
MALARIA_CONF_CASES,Number of confirmed malaria cases,numeric,AMR,Americas,Country,DOM,Dominican Republic,Year,2017,false,,,,,,,,,,,,,398,,,,,,398,,,EN,2025-12-18T16:00:00.000Z
MALARIA_CONF_CASES,Number of confirmed malaria cases,numeric,AMR,Americas,Country,SLV,El Salvador,Year,2017,false,,,,,,,,,,,,,4,,,,,,4,,,EN,2025-12-18T16:00:00.000Z
MALARIA_CONF_CASES,Number of confirmed malaria cases,numeric,AFR,Africa,Country,CIV,Cote d'Ivoire,Year,2017,false,,,,,,,,,,,,,4034781,,,,,,4 034 781,,,EN,2025-12-18T16:00:00.000Z
MALARIA_CONF_CASES,Number of confirmed malaria cases,numeric,AFR,Africa,Country,MWI,Malawi,Year,2017,false,,,,,,,,,,,,,4947443,,,,,,4 947 443,,,EN,2025-12-18T16:00:00.000Z
MALARIA_CONF_CASES,Number of confirmed malaria cases,numeric,AFR,Africa,Country,CAF,Central African Republic,Year,2017,false,,,,,,,,,,,,,411913,,,,,,411 913,,,EN,2025-12-18T16:00:00.000Z
MALARIA_CONF_CASES,Number of confirmed malaria cases,numeric,WPR,Western Pacific,Country,MYS,Malaysia,Year,2017,false,,,,,,,,,,,,,4114,,,,,,4114,,,EN,2025-12-18T16:00:00.000Z
MALARIA_CONF_CASES,Number of confirmed malaria cases,numeric,AMR,Americas,Country,GTM,Guatemala,Year,2017,false,,,,,,,,,,,,,4124,,,,,,4124,,,EN,2025-12-18T16:00:00.000Z
MALARIA_CONF_CASES,Number of confirmed malaria cases,numeric,AFR,Africa,Country,DZA,Algeria,Year,2017,false,,,,,,,,,,,,,453,,,,,,453,,,EN,2025-12-18T16:00:00.000Z
MALARIA_CONF_CASES,Number of confirmed malaria cases,numeric,WPR,Western Pacific,Country,VNM,Viet Nam,Year,2017,false,,,,,,,,,,,,,4548,,,,,,4548,,,EN,2025-12-18T16:00:00.000Z
MALARIA_CONF_CASES,Number of confirmed malaria cases,numeric,AFR,Africa,Country,CPV,Cabo Verde,Year,2017,false,,,,,,,,,,,,,457,,,,,,457,,,EN,2025-12-18T16:00:00.000Z
MALARIA_CONF_CASES,Number of confirmed malaria cases,numeric,AMR,Americas,Country,BOL,Bolivia (Plurinational State of),Year,2017,false,,,,,,,,,,,,,4587,,,,,,4587,,,EN,2025-12-18T16:00:00.000Z
MALARIA_CONF_CASES,Number of confirmed malaria cases,numeric,SEAR,South-East Asia,Country,PRK,Democratic People's Republic of Korea,Year,2017,false,,,,,,,,,,,,,4603,,,,,,4603,,,EN,2025-12-18T16:00:00.000Z
MALARIA_CONF_CASES,Number of confirmed malaria cases,numeric,AFR,Africa,Country,ZWE,Zimbabwe,Year,2017,false,,,,,,,,,,,,,471798,,,,,,471 798,,,EN,2025-12-18T16:00:00.000Z
MALARIA_CONF_CASES,Number of confirmed malaria cases,numeric,WPR,Western Pacific,Country,PNG,Papua New Guinea,Year,2017,false,,,,,,,,,,,,,488878,,,,,,488 878,,,EN,2025-12-18T16:00:00.000Z
MALARIA_CONF_CASES,Number of confirmed malaria cases,numeric,AMR,Americas,Country,PRY,Paraguay,Year,2017,false,,,,,,,,,,,,,5,,,,,,5,,,EN,2025-12-18T16:00:00.000Z
MALARIA_CONF_CASES,Number of confirmed malaria cases,numeric,AFR,Africa,Country,ZMB,Zambia,Year,2017,false,,,,,,,,,,,,,5505639,,,,,,5 505 639,,,EN,2025-12-18T16:00:00.000Z
MALARIA_CONF_CASES,Number of confirmed malaria cases,numeric,AFR,Africa,Country,TZA,United Republic of Tanzania,Year,2017,false,,,,,,,,,,,,,5744907,,,,,,5 744 907,,,EN,2025-12-18T16:00:00.000Z
MALARIA_CONF_CASES,Number of confirmed malaria cases,numeric,AFR,Africa,Country,RWA,Rwanda,Year,2017,false,,,,,,,,,,,,,5940533,,,,,,5 940 533,,,EN,2025-12-18T16:00:00.000Z
MALARIA_CONF_CASES,Number of confirmed malaria cases,numeric,SEAR,South-East Asia,Country,BTN,Bhutan,Year,2017,false,,,,,,,,,,,,,51,,,,,,51,,,EN,2025-12-18T16:00:00.000Z
MALARIA_CONF_CASES,Number of confirmed malaria cases,numeric,WPR,Western Pacific,Country,KOR,Republic of Korea,Year,2017,false,,,,,,,,,,,,,515,,,,,,515,,,EN,2025-12-18T16:00:00.000Z
MALARIA_CONF_CASES,Number of confirmed malaria cases,numeric,WPR,Western Pacific,Country,SLB,Solomon Islands,Year,2017,false,,,,,,,,,,,,,52519,,,,,,52 519,,,EN,2025-12-18T16:00:00.000Z
MALARIA_CONF_CASES,Number of confirmed malaria cases,numeric,AMR,Americas,Country,VEN,Venezuela (Bolivarian Republic of),Year,2017,false,,,,,,,,,,,,,525897,,,,,,525 897,,,EN,2025-12-18T16:00:00.000Z
MALARIA_CONF_CASES,Number of confirmed malaria cases,numeric,AFR,Africa,Country,ERI,Eritrea,Year,2017,false,,,,,,,,,,,,,54005,,,,,,54 005,,,EN,2025-12-18T16:00:00.000Z
MALARIA_CONF_CASES,Number of confirmed malaria cases,numeric,AMR,Americas,Country,PER,Peru,Year,2017,false,,,,,,,,,,,,,55367,,,,,,55 367,,,EN,2025-12-18T16:00:00.000Z
MALARIA_CONF_CASES,Number of confirmed malaria cases,numeric,AMR,Americas,Country,SUR,Suriname,Year,2017,false,,,,,,,,,,,,,551,,,,,,551,,,EN,2025-12-18T16:00:00.000Z
MALARIA_CONF_CASES,Number of confirmed malaria cases,numeric,AMR,Americas,Country,COL,Colombia,Year,2017,false,,,,,,,,,,,,,56515,,,,,,56 515,,,EN,2025-12-18T16:00:00.000Z
MALARIA_CONF_CASES,Number of confirmed malaria cases,numeric,SEAR,South-East Asia,Country,LKA,Sri Lanka,Year,2017,false,,,,,,,,,,,,,57,,,,,,57,,,EN,2025-12-18T16:00:00.000Z
MALARIA_CONF_CASES,Number of confirmed malaria cases,numeric,AMR,Americas,Country,GUF,French Guiana,Year,2017,false,,,,,,,,,,,,,597,,,,,,597,,,EN,2025-12-18T16:00:00.000Z
MALARIA_CONF_CASES,Number of confirmed malaria cases,numeric,AFR,Africa,Country,NAM,Namibia,Year,2017,false,,,,,,,,,,,,,66141,,,,,,66 141,,,EN,2025-12-18T16:00:00.000Z
MALARIA_CONF_CASES,Number of confirmed malaria cases,numeric,WPR,Western Pacific,Country,PHL,Philippines,Year,2017,false,,,,,,,,,,,,,6806,,,,,,6806,,,EN,2025-12-18T16:00:00.000Z
MALARIA_CONF_CASES,Number of confirmed malaria cases,numeric,AMR,Americas,Country,PAN,Panama,Year,2017,false,,,,,,,,,,,,,689,,,,,,689,,,EN,2025-12-18T16:00:00.000Z
MALARIA_CONF_CASES,Number of confirmed malaria cases,numeric,AFR,Africa,Country,GHA,Ghana,Year,2017,false,,,,,,,,,,,,,7003155,,,,,,7 003 155,,,EN,2025-12-18T16:00:00.000Z
MALARIA_CONF_CASES,Number of confirmed malaria cases,numeric,WPR,Western Pacific,Country,KHM,Cambodia,Year,2017,false,,,,,,,,,,,,,76804,,,,,,76 804,,,EN,2025-12-18T16:00:00.000Z
MALARIA_CONF_CASES,Number of confirmed malaria cases,numeric,AMR,Americas,Country,MEX,Mexico,Year,2017,false,,,,,,,,,,,,,765,,,,,,765,,,EN,2025-12-18T16:00:00.000Z
MALARIA_CONF_CASES,Number of confirmed malaria cases,numeric,AFR,Africa,Country,GMB,Gambia,Year,2017,false,,,,,,,,,,,,,78040,,,,,,78 040,,,EN,2025-12-18T16:00:00.000Z
MALARIA_CONF_CASES,Number of confirmed malaria cases,numeric,AFR,Africa,Country,BDI,Burundi,Year,2017,false,,,,,,,,,,,,,8795952,,,,,,8 795 952,,,EN,2025-12-18T16:00:00.000Z
MALARIA_CONF_CASES,Number of confirmed malaria cases,numeric,EMR,Eastern Mediterranean,Country,SDN,Sudan,Year,2017,false,,,,,,,,,,,,,800116,,,,,,800 116,,,EN,2025-12-18T16:00:00.000Z
MALARIA_CONF_CASES,Number of confirmed malaria cases,numeric,WPR,Western Pacific,Country,LAO,Lao People's Democratic Republic,Year,2017,false,,,,,,,,,,,,,8435,,,,,,8435,,,EN,2025-12-18T16:00:00.000Z
MALARIA_CONF_CASES,Number of confirmed malaria cases,numeric,SEAR,South-East Asia,Country,IND,India,Year,2017,false,,,,,,,,,,,,,844558,,,,,,844 558,,,EN,2025-12-18T16:00:00.000Z
MALARIA_CONF_CASES,Number of confirmed malaria cases,numeric,SEAR,South-East Asia,Country,MMR,Myanmar,Year,2017,false,,,,,,,,,,,,,85019,,,,,,85 019,,,EN,2025-12-18T16:00:00.000Z
MALARIA_CONF_CASES,Number of confirmed malaria cases,numeric,AMR,Americas,Country,BLZ,Belize,Year,2017,false,,,,,,,,,,,,,9,,,,,,9,,,EN,2025-12-18T16:00:00.000Z
MALARIA_CONF_CASES,Number of confirmed malaria cases,numeric,EUR,Europe,Country,GEO,Georgia,Year,2017,false,,,,,,,,,,,,,9,,,,,,9,,,EN,2025-12-18T16:00:00.000Z
MALARIA_CONF_CASES,Number of confirmed malaria cases,numeric,AFR,Africa,Country,MOZ,Mozambique,Year,2017,false,,,,,,,,,,,,,9892601,,,,,,9 892 601,,,EN,2025-12-18T16:00:00.000Z
MALARIA_CONF_CASES,Number of confirmed malaria cases,numeric,EMR,Eastern Mediterranean,Country,IRN,Iran (Islamic Republic of),Year,2017,false,,,,,,,,,,,,,939,,,,,,939,,,EN,2025-12-18T16:00:00.000Z
MALARIA_CONF_CASES,Number of confirmed malaria cases,numeric,AFR,Africa,Country,MDG,Madagascar,Year,2017,false,,,,,,,,,,,,,985852,,,,,,985 852,,,EN,2025-12-18T16:00:00.000Z
MALARIA_CONF_CASES,Number of confirmed malaria cases,numeric,EUR,Europe,Country,TKM,Turkmenistan,Year,2016,false,,,,,,,,,,,,,0,,,,,,0,,,EN,2025-12-18T16:00:00.000Z
MALARIA_CONF_CASES,Number of confirmed malaria cases,numeric,EUR,Europe,Country,UZB,Uzbekistan,Year,2016,false,,,,,,,,,,,,,0,,,,,,0,,,EN,2025-12-18T16:00:00.000Z
MALARIA_CONF_CASES,Number of confirmed malaria cases,numeric,EUR,Europe,Country,AZE,Azerbaijan,Year,2016,false,,,,,,,,,,,,,1,,,,,,1,,,EN,2025-12-18T16:00:00.000Z
MALARIA_CONF_CASES,Number of confirmed malaria cases,numeric,EUR,Europe,Country,TJK,Tajikistan,Year,2016,false,,,,,,,,,,,,,1,,,,,,1,,,EN,2025-12-18T16:00:00.000Z
MALARIA_CONF_CASES,Number of confirmed malaria cases,numeric,SEAR,South-East Asia,Country,IND,India,Year,2016,false,,,,,,,,,,,,,1087285,,,,,,1 087 285,,,EN,2025-12-18T16:00:00.000Z
MALARIA_CONF_CASES,Number of confirmed malaria cases,numeric,AFR,Africa,Country,LBR,Liberia,Year,2016,false,,,,,,,,,,,,,1191137,,,,,,1 191 137,,,EN,2025-12-18T16:00:00.000Z
MALARIA_CONF_CASES,Number of confirmed malaria cases,numeric,AFR,Africa,Country,CAF,Central African Republic,Year,2016,false,,,,,,,,,,,,,1239317,,,,,,1 239 317,,,EN,2025-12-18T16:00:00.000Z
MALARIA_CONF_CASES,Number of confirmed malaria cases,numeric,AFR,Africa,Country,TCD,Chad,Year,2016,false,,,,,,,,,,,,,1294768,,,,,,1 294 768,,,EN,2025-12-18T16:00:00.000Z
MALARIA_CONF_CASES,Number of confirmed malaria cases,numeric,AFR,Africa,Country,BEN,Benin,Year,2016,false,,,,,,,,,,,,,1610790,,,,,,1 610 790,,,EN,2025-12-18T16:00:00.000Z
MALARIA_CONF_CASES,Number of confirmed malaria cases,numeric,AFR,Africa,Country,ETH,Ethiopia,Year,2016,false,,,,,,,,,,,,,1718504,,,,,,1 718 504,,,EN,2025-12-18T16:00:00.000Z
MALARIA_CONF_CASES,Number of confirmed malaria cases,numeric,AFR,Africa,Country,TGO,Togo,Year,2016,false,,,,,,,,,,,,,1746334,,,,,,1 746 334,,,EN,2025-12-18T16:00:00.000Z
MALARIA_CONF_CASES,Number of confirmed malaria cases,numeric,AFR,Africa,Country,SLE,Sierra Leone,Year,2016,false,,,,,,,,,,,,,1775306,,,,,,1 775 306,,,EN,2025-12-18T16:00:00.000Z
MALARIA_CONF_CASES,Number of confirmed malaria cases,numeric,AMR,Americas,Country,PRY,Paraguay,Year,2016,false,,,,,,,,,,,,,10,,,,,,10,,,EN,2025-12-18T16:00:00.000Z
MALARIA_CONF_CASES,Number of confirmed malaria cases,numeric,SEAR,South-East Asia,Country,NPL,Nepal,Year,2016,false,,,,,,,,,,,,,1009,,,,,,1009,,,EN,2025-12-18T16:00:00.000Z
MALARIA_CONF_CASES,Number of confirmed malaria cases,numeric,AMR,Americas,Country,GUY,Guyana,Year,2016,false,,,,,,,,,,,,,11108,,,,,,11 108,,,EN,2025-12-18T16:00:00.000Z
MALARIA_CONF_CASES,Number of confirmed malaria cases,numeric,SEAR,South-East Asia,Country,MMR,Myanmar,Year,2016,false,,,,,,,,,,,,,110146,,,,,,110 146,,,EN,2025-12-18T16:00:00.000Z
MALARIA_CONF_CASES,Number of confirmed malaria cases,numeric,AMR,Americas,Country,CRI,Costa Rica,Year,2016,false,,,,,,,,,,,,,13,,,,,,13,,,EN,2025-12-18T16:00:00.000Z
MALARIA_CONF_CASES,Number of confirmed malaria cases,numeric,AFR,Africa,Country,NGA,Nigeria,Year,2016,false,,,,,,,,,,,,,13598282,,,,,,13 598 282,,,EN,2025-12-18T16:00:00.000Z
MALARIA_CONF_CASES,Number of confirmed malaria cases,numeric,EMR,Eastern Mediterranean,Country,DJI,Djibouti,Year,2016,false,,,,,,,,,,,,,13822,,,,,,13 822,,,EN,2025-12-18T16:00:00.000Z
MALARIA_CONF_CASES,Number of confirmed malaria cases,numeric,AMR,Americas,Country,SLV,El Salvador,Year,2016,false,,,,,,,,,,,,,14,,,,,,14,,,EN,2025-12-18T16:00:00.000Z
MALARIA_CONF_CASES,Number of confirmed malaria cases,numeric,AMR,Americas,Country,ECU,Ecuador,Year,2016,false,,,,,,,,,,,,,1424,,,,,,1424,,,EN,2025-12-18T16:00:00.000Z
MALARIA_CONF_CASES,Number of confirmed malaria cases,numeric,AFR,Africa,Country,COM,Comoros,Year,2016,false,,,,,,,,,,,,,1467,,,,,,1467,,,EN,2025-12-18T16:00:00.000Z
MALARIA_CONF_CASES,Number of confirmed malaria cases,numeric,AFR,Africa,Country,GNQ,Equatorial Guinea,Year,2016,false,,,,,,,,,,,,,147714,,,,,,147 714,,,EN,2025-12-18T16:00:00.000Z
MALARIA_CONF_CASES,Number of confirmed malaria cases,numeric,WPR,Western Pacific,Country,LAO,Lao People's Democratic Republic,Year,2016,false,,,,,,,,,,,,,15509,,,,,,15 509,,,EN,2025-12-18T16:00:00.000Z
MALARIA_CONF_CASES,Number of confirmed malaria cases,numeric,AMR,Americas,Country,BRA,Brazil,Year,2016,false,,,,,,,,,,,,,152160,,,,,,152 160,,,EN,2025-12-18T16:00:00.000Z
MALARIA_CONF_CASES,Number of confirmed malaria cases,numeric,AFR,Africa,Country,GNB,Guinea-Bissau,Year,2016,false,,,,,,,,,,,,,156471,,,,,,156 471,,,EN,2025-12-18T16:00:00.000Z
MALARIA_CONF_CASES,Number of confirmed malaria cases,numeric,AFR,Africa,Country,COD,Democratic Republic of the Congo,Year,2016,false,,,,,,,,,,,,,16821130,,,,,,16 821 130,,,EN,2025-12-18T16:00:00.000Z
MALARIA_CONF_CASES,Number of confirmed malaria cases,numeric,AFR,Africa,Country,GMB,Gambia,Year,2016,false,,,,,,,,,,,,,162739,,,,,,162 739,,,EN,2025-12-18T16:00:00.000Z
MALARIA_CONF_CASES,Number of confirmed malaria cases,numeric,SEAR,South-East Asia,Country,THA,Thailand,Year,2016,false,,,,,,,,,,,,,17800,,,,,,17 800,,,EN,2025-12-18T16:00:00.000Z
MALARIA_CONF_CASES,Number of confirmed malaria cases,numeric,AFR,Africa,Country,COG,Congo,Year,2016,false,,,,,,,,,,,,,171847,,,,,,171 847,,,EN,2025-12-18T16:00:00.000Z
MALARIA_CONF_CASES,Number of confirmed malaria cases,numeric,EUR,Europe,Country,ARM,Armenia,Year,2016,false,,,,,,,,,,,,,2,,,,,,2,,,EN,2025-12-18T16:00:00.000Z
MALARIA_CONF_CASES,Number of confirmed malaria cases,numeric,AFR,Africa,Country,MLI,Mali,Year,2016,false,,,,,,,,,,,,,2311098,,,,,,2 311 098,,,EN,2025-12-18T16:00:00.000Z
MALARIA_CONF_CASES,Number of confirmed malaria cases,numeric,AFR,Africa,Country,CMR,Cameroon,Year,2016,false,,,,,,,,,,,,,2476153,,,,,,2 476 153,,,EN,2025-12-18T16:00:00.000Z
MALARIA_CONF_CASES,Number of confirmed malaria cases,numeric,EUR,Europe,Country,TUR,Türkiye,Year,2016,false,,,,,,,,,,,,,209,,,,,,209,,,EN,2025-12-18T16:00:00.000Z
MALARIA_CONF_CASES,Number of confirmed malaria cases,numeric,AMR,Americas,Country,HTI,Haiti,Year,2016,false,,,,,,,,,,,,,21430,,,,,,21 430,,,EN,2025-12-18T16:00:00.000Z
MALARIA_CONF_CASES,Number of confirmed malaria cases,numeric,WPR,Western Pacific,Country,IDN,Indonesia,Year,2016,false,,,,,,,,,,,,,218450,,,,,,218 450,,,EN,2025-12-18T16:00:00.000Z
MALARIA_CONF_CASES,Number of confirmed malaria cases,numeric,AFR,Africa,Country,STP,Sao Tome and Principe,Year,2016,false,,,,,,,,,,,,,2238,,,,,,2238,,,EN,2025-12-18T16:00:00.000Z
MALARIA_CONF_CASES,Number of confirmed malaria cases,numeric,WPR,Western Pacific,Country,VUT,Vanuatu,Year,2016,false,,,,,,,,,,,,,2252,,,,,,2252,,,EN,2025-12-18T16:00:00.000Z
MALARIA_CONF_CASES,Number of confirmed malaria cases,numeric,AFR,Africa,Country,GAB,Gabon,Year,2016,false,,,,,,,,,,,,,23915,,,,,,23 915,,,EN,2025-12-18T16:00:00.000Z
MALARIA_CONF_CASES,Number of confirmed malaria cases,numeric,WPR,Western Pacific,Country,MYS,Malaysia,Year,2016,false,,,,,,,,,,,,,2302,,,,,,2302,,,EN,2025-12-18T16:00:00.000Z
MALARIA_CONF_CASES,Number of confirmed malaria cases,numeric,AFR,Africa,Country,ERI,Eritrea,Year,2016,false,,,,,,,,,,,,,24251,,,,,,24 251,,,EN,2025-12-18T16:00:00.000Z
MALARIA_CONF_CASES,Number of confirmed malaria cases,numeric,AFR,Africa,Country,NAM,Namibia,Year,2016,false,,,,,,,,,,,,,24869,,,,,,24 869,,,EN,2025-12-18T16:00:00.000Z
MALARIA_CONF_CASES,Number of confirmed malaria cases,numeric,EMR,Eastern Mediterranean,Country,AFG,Afghanistan,Year,2016,false,,,,,,,,,,,,,241233,,,,,,241 233,,,EN,2025-12-18T16:00:00.000Z
MALARIA_CONF_CASES,Number of confirmed malaria cases,numeric,AMR,Americas,Country,GUF,French Guiana,Year,2016,false,,,,,,,,,,,,,258,,,,,,258,,,EN,2025-12-18T16:00:00.000Z
MALARIA_CONF_CASES,Number of confirmed malaria cases,numeric,SEAR,South-East Asia,Country,BGD,Bangladesh,Year,2016,false,,,,,,,,,,,,,27737,,,,,,27 737,,,EN,2025-12-18T16:00:00.000Z
MALARIA_CONF_CASES,Number of confirmed malaria cases,numeric,AFR,Africa,Country,MYT,Mayotte,Year,2016,false,,,,,,,,,,,,,28,,,,,,28,,,EN,2025-12-18T16:00:00.000Z
MALARIA_CONF_CASES,Number of confirmed malaria cases,numeric,AFR,Africa,Country,MRT,Mauritania,Year,2016,false,,,,,,,,,,,,,29156,,,,,,29 156,,,EN,2025-12-18T16:00:00.000Z
MALARIA_CONF_CASES,Number of confirmed malaria cases,numeric,AFR,Africa,Country,KEN,Kenya,Year,2016,false,,,,,,,,,,,,,3064796,,,,,,3 064 796,,,EN,2025-12-18T16:00:00.000Z
MALARIA_CONF_CASES,Number of confirmed malaria cases,numeric,AFR,Africa,Country,RWA,Rwanda,Year,2016,false,,,,,,,,,,,,,3380568,,,,,,3 380 568,,,EN,2025-12-18T16:00:00.000Z
MALARIA_CONF_CASES,Number of confirmed malaria cases,numeric,AFR,Africa,Country,CIV,Cote d'Ivoire,Year,2016,false,,,,,,,,,,,,,3754504,,,,,,3 754 504,,,EN,2025-12-18T16:00:00.000Z
MALARIA_CONF_CASES,Number of confirmed malaria cases,numeric,AFR,Africa,Country,AGO,Angola,Year,2016,false,,,,,,,,,,,,,3794253,,,,,,3 794 253,,,EN,2025-12-18T16:00:00.000Z
MALARIA_CONF_CASES,Number of confirmed malaria cases,numeric,AMR,Americas,Country,VEN,Venezuela (Bolivarian Republic of),Year,2016,false,,,,,,,,,,,,,301466,,,,,,301 466,,,EN,2025-12-18T16:00:00.000Z
MALARIA_CONF_CASES,Number of confirmed malaria cases,numeric,WPR,Western Pacific,Country,CHN,China,Year,2016,false,,,,,,,,,,,,,3151,,,,,,3151,,,EN,2025-12-18T16:00:00.000Z
MALARIA_CONF_CASES,Number of confirmed malaria cases,numeric,AFR,Africa,Country,ZWE,Zimbabwe,Year,2016,false,,,,,,,,,,,,,316989,,,,,,316 989,,,EN,2025-12-18T16:00:00.000Z
MALARIA_CONF_CASES,Number of confirmed malaria cases,numeric,AFR,Africa,Country,SWZ,Eswatini,Year,2016,false,,,,,,,,,,,,,317,,,,,,317,,,EN,2025-12-18T16:00:00.000Z
MALARIA_CONF_CASES,Number of confirmed malaria cases,numeric,EMR,Eastern Mediterranean,Country,PAK,Pakistan,Year,2016,false,,,,,,,,,,,,,329005,,,,,,329 005,,,EN,2025-12-18T16:00:00.000Z
MALARIA_CONF_CASES,Number of confirmed malaria cases,numeric,AMR,Americas,Country,SUR,Suriname,Year,2016,false,,,,,,,,,,,,,332,,,,,,332,,,EN,2025-12-18T16:00:00.000Z
MALARIA_CONF_CASES,Number of confirmed malaria cases,numeric,AFR,Africa,Country,SEN,Senegal,Year,2016,false,,,,,,,,,,,,,349540,,,,,,349 540,,,EN,2025-12-18T16:00:00.000Z
MALARIA_CONF_CASES,Number of confirmed malaria cases,numeric,EMR,Eastern Mediterranean,Country,SOM,Somalia,Year,2016,false,,,,,,,,,,,,,35628,,,,,,35 628,,,EN,2025-12-18T16:00:00.000Z
MALARIA_CONF_CASES,Number of confirmed malaria cases,numeric,EUR,Europe,Country,KAZ,Kazakhstan,Year,2016,false,,,,,,,,,,,,,4,,,,,,4,,,EN,2025-12-18T16:00:00.000Z
MALARIA_CONF_CASES,Number of confirmed malaria cases,numeric,AFR,Africa,Country,NER,Niger,Year,2016,false,,,,,,,,,,,,,4258110,,,,,,4 258 110,,,EN,2025-12-18T16:00:00.000Z
MALARIA_CONF_CASES,Number of confirmed malaria cases,numeric,AFR,Africa,Country,MWI,Malawi,Year,2016,false,,,,,,,,,,,,,4827373,,,,,,4 827 373,,,EN,2025-12-18T16:00:00.000Z
MALARIA_CONF_CASES,Number of confirmed malaria cases,numeric,AFR,Africa,Country,ZMB,Zambia,Year,2016,false,,,,,,,,,,,,,4851319,,,,,,4 851 319,,,EN,2025-12-18T16:00:00.000Z
MALARIA_CONF_CASES,Number of confirmed malaria cases,numeric,AMR,Americas,Country,HND,Honduras,Year,2016,false,,,,,,,,,,,,,4097,,,,,,4097,,,EN,2025-12-18T16:00:00.000Z
MALARIA_CONF_CASES,Number of confirmed malaria cases,numeric,SEAR,South-East Asia,Country,LKA,Sri Lanka,Year,2016,false,,,,,,,,,,,,,41,,,,,,41,,,EN,2025-12-18T16:00:00.000Z
MALARIA_CONF_CASES,Number of confirmed malaria cases,numeric,WPR,Western Pacific,Country,VNM,Viet Nam,Year,2016,false,,,,,,,,,,,,,4161,,,,,,4161,,,EN,2025-12-18T16:00:00.000Z
MALARIA_CONF_CASES,Number of confirmed malaria cases,numeric,WPR,Western Pacific,Country,KHM,Cambodia,Year,2016,false,,,,,,,,,,,,,43380,,,,,,43 380,,,EN,2025-12-18T16:00:00.000Z
MALARIA_CONF_CASES,Number of confirmed malaria cases,numeric,AFR,Africa,Country,DZA,Algeria,Year,2016,false,,,,,,,,,,,,,432,,,,,,432,,,EN,2025-12-18T16:00:00.000Z
MALARIA_CONF_CASES,Number of confirmed malaria cases,numeric,AFR,Africa,Country,ZAF,South Africa,Year,2016,false,,,,,,,,,,,,,4323,,,,,,4323,,,EN,2025-12-18T16:00:00.000Z
MALARIA_CONF_CASES,Number of confirmed malaria cases,numeric,AMR,Americas,Country,BLZ,Belize,Year,2016,false,,,,,,,,,,,,,5,,,,,,5,,,EN,2025-12-18T16:00:00.000Z
MALARIA_CONF_CASES,Number of confirmed malaria cases,numeric,AFR,Africa,Country,GHA,Ghana,Year,2016,false,,,,,,,,,,,,,5428979,,,,,,5 428 979,,,EN,2025-12-18T16:00:00.000Z
MALARIA_CONF_CASES,Number of confirmed malaria cases,numeric,AFR,Africa,Country,TZA,United Republic of Tanzania,Year,2016,false,,,,,,,,,,,,,5762462,,,,,,5 762 462,,,EN,2025-12-18T16:00:00.000Z
MALARIA_CONF_CASES,Number of confirmed malaria cases,numeric,AMR,Americas,Country,GTM,Guatemala,Year,2016,false,,,,,,,,,,,,,5001,,,,,,5001,,,EN,2025-12-18T16:00:00.000Z
MALARIA_CONF_CASES,Number of confirmed malaria cases,numeric,SEAR,South-East Asia,Country,PRK,Democratic People's Republic of Korea,Year,2016,false,,,,,,,,,,,,,5033,,,,,,5033,,,EN,2025-12-18T16:00:00.000Z
MALARIA_CONF_CASES,Number of confirmed malaria cases,numeric,WPR,Western Pacific,Country,PNG,Papua New Guinea,Year,2016,false,,,,,,,,,,,,,534819,,,,,,534 819,,,EN,2025-12-18T16:00:00.000Z
MALARIA_CONF_CASES,Number of confirmed malaria cases,numeric,EMR,Eastern Mediterranean,Country,SAU,Saudi Arabia,Year,2016,false,,,,,,,,,,,,,5382,,,,,,5382,,,EN,2025-12-18T16:00:00.000Z
MALARIA_CONF_CASES,Number of confirmed malaria cases,numeric,WPR,Western Pacific,Country,SLB,Solomon Islands,Year,2016,false,,,,,,,,,,,,,54432,,,,,,54 432,,,EN,2025-12-18T16:00:00.000Z
MALARIA_CONF_CASES,Number of confirmed malaria cases,numeric,AMR,Americas,Country,BOL,Bolivia (Plurinational State of),Year,2016,false,,,,,,,,,,,,,5553,,,,,,5553,,,EN,2025-12-18T16:00:00.000Z
MALARIA_CONF_CASES,Number of confirmed malaria cases,numeric,AMR,Americas,Country,PER,Peru,Year,2016,false,,,,,,,,,,,,,56671,,,,,,56 671,,,EN,2025-12-18T16:00:00.000Z
MALARIA_CONF_CASES,Number of confirmed malaria cases,numeric,EMR,Eastern Mediterranean,Country,SDN,Sudan,Year,2016,false,,,,,,,,,,,,,566015,,,,,,566 015,,,EN,2025-12-18T16:00:00.000Z
MALARIA_CONF_CASES,Number of confirmed malaria cases,numeric,AMR,Americas,Country,MEX,Mexico,Year,2016,false,,,,,,,,,,,,,596,,,,,,596,,,EN,2025-12-18T16:00:00.000Z
MALARIA_CONF_CASES,Number of confirmed malaria cases,numeric,EUR,Europe,Country,KGZ,Kyrgyzstan,Year,2016,false,,,,,,,,,,,,,6,,,,,,6,,,EN,2025-12-18T16:00:00.000Z
MALARIA_CONF_CASES,Number of confirmed malaria cases,numeric,AMR,Americas,Country,NIC,Nicaragua,Year,2016,false,,,,,,,,,,,,,6284,,,,,,6284,,,EN,2025-12-18T16:00:00.000Z
MALARIA_CONF_CASES,Number of confirmed malaria cases,numeric,WPR,Western Pacific,Country,PHL,Philippines,Year,2016,false,,,,,,,,,,,,,6680,,,,,,6680,,,EN,2025-12-18T16:00:00.000Z
MALARIA_CONF_CASES,Number of confirmed malaria cases,numeric,WPR,Western Pacific,Country,KOR,Republic of Korea,Year,2016,false,,,,,,,,,,,,,673,,,,,,673,,,EN,2025-12-18T16:00:00.000Z
MALARIA_CONF_CASES,Number of confirmed malaria cases,numeric,AFR,Africa,Country,MDG,Madagascar,Year,2016,false,,,,,,,,,,,,,686024,,,,,,686 024,,,EN,2025-12-18T16:00:00.000Z
MALARIA_CONF_CASES,Number of confirmed malaria cases,numeric,EUR,Europe,Country,GEO,Georgia,Year,2016,false,,,,,,,,,,,,,7,,,,,,7,,,EN,2025-12-18T16:00:00.000Z
MALARIA_CONF_CASES,Number of confirmed malaria cases,numeric,EMR,Eastern Mediterranean,Country,IRN,Iran (Islamic Republic of),Year,2016,false,,,,,,,,,,,,,705,,,,,,705,,,EN,2025-12-18T16:00:00.000Z
MALARIA_CONF_CASES,Number of confirmed malaria cases,numeric,AFR,Africa,Country,BWA,Botswana,Year,2016,false,,,,,,,,,,,,,723,,,,,,723,,,EN,2025-12-18T16:00:00.000Z
MALARIA_CONF_CASES,Number of confirmed malaria cases,numeric,SEAR,South-East Asia,Country,BTN,Bhutan,Year,2016,false,,,,,,,,,,,,,74,,,,,,74,,,EN,2025-12-18T16:00:00.000Z
MALARIA_CONF_CASES,Number of confirmed malaria cases,numeric,AMR,Americas,Country,DOM,Dominican Republic,Year,2016,false,,,,,,,,,,,,,755,,,,,,755,,,EN,2025-12-18T16:00:00.000Z
MALARIA_CONF_CASES,Number of confirmed malaria cases,numeric,AFR,Africa,Country,SSD,South Sudan,Year,2016,false,,,,,,,,,,,,,7619,,,,,,7619,,,EN,2025-12-18T16:00:00.000Z
MALARIA_CONF_CASES,Number of confirmed malaria cases,numeric,AFR,Africa,Country,CPV,Cabo Verde,Year,2016,false,,,,,,,,,,,,,77,,,,,,77,,,EN,2025-12-18T16:00:00.000Z
MALARIA_CONF_CASES,Number of confirmed malaria cases,numeric,AFR,Africa,Country,BDI,Burundi,Year,2016,false,,,,,,,,,,,,,8793176,,,,,,8 793 176,,,EN,2025-12-18T16:00:00.000Z
MALARIA_CONF_CASES,Number of confirmed malaria cases,numeric,AMR,Americas,Country,PAN,Panama,Year,2016,false,,,,,,,,,,,,,811,,,,,,811,,,EN,2025-12-18T16:00:00.000Z
MALARIA_CONF_CASES,Number of confirmed malaria cases,numeric,AMR,Americas,Country,COL,Colombia,Year,2016,false,,,,,,,,,,,,,86407,,,,,,86 407,,,EN,2025-12-18T16:00:00.000Z
MALARIA_CONF_CASES,Number of confirmed malaria cases,numeric,AMR,Americas,Country,ARG,Argentina,Year,2016,false,,,,,,,,,,,,,9,,,,,,9,,,EN,2025-12-18T16:00:00.000Z
MALARIA_CONF_CASES,Number of confirmed malaria cases,numeric,AFR,Africa,Country,MOZ,Mozambique,Year,2016,false,,,,,,,,,,,,,9690873,,,,,,9 690 873,,,EN,2025-12-18T16:00:00.000Z
MALARIA_CONF_CASES,Number of confirmed malaria cases,numeric,AFR,Africa,Country,UGA,Uganda,Year,2016,false,,,,,,,,,,,,,9735849,,,,,,9 735 849,,,EN,2025-12-18T16:00:00.000Z
MALARIA_CONF_CASES,Number of confirmed malaria cases,numeric,AFR,Africa,Country,BFA,Burkina Faso,Year,2016,false,,,,,,,,,,,,,9779411,,,,,,9 779 411,,,EN,2025-12-18T16:00:00.000Z
MALARIA_CONF_CASES,Number of confirmed malaria cases,numeric,SEAR,South-East Asia,Country,TLS,Timor-Leste,Year,2016,false,,,,,,,,,,,,,94,,,,,,94,,,EN,2025-12-18T16:00:00.000Z
MALARIA_CONF_CASES,Number of confirmed malaria cases,numeric,EMR,Eastern Mediterranean,Country,YEM,Yemen,Year,2016,false,,,,,,,,,,,,,99700,,,,,,99 700,,,EN,2025-12-18T16:00:00.000Z
MALARIA_CONF_CASES,Number of confirmed malaria cases,numeric,AFR,Africa,Country,GIN,Guinea,Year,2016,false,,,,,,,,,,,,,992146,,,,,,992 146,,,EN,2025-12-18T16:00:00.000Z
MALARIA_CONF_CASES,Number of confirmed malaria cases,numeric,EUR,Europe,Country,TKM,Turkmenistan,Year,2015,false,,,,,,,,,,,,,0,,,,,,0,,,EN,2025-12-18T16:00:00.000Z
MALARIA_CONF_CASES,Number of confirmed malaria cases,numeric,EUR,Europe,Country,UZB,Uzbekistan,Year,2015,false,,,,,,,,,,,,,0,,,,,,0,,,EN,2025-12-18T16:00:00.000Z
MALARIA_CONF_CASES,Number of confirmed malaria cases,numeric,EUR,Europe,Country,AZE,Azerbaijan,Year,2015,false,,,,,,,,,,,,,1,,,,,,1,,,EN,2025-12-18T16:00:00.000Z
MALARIA_CONF_CASES,Number of confirmed malaria cases,numeric,EUR,Europe,Country,KGZ,Kyrgyzstan,Year,2015,false,,,,,,,,,,,,,1,,,,,,1,,,EN,2025-12-18T16:00:00.000Z
MALARIA_CONF_CASES,Number of confirmed malaria cases,numeric,SEAR,South-East Asia,Country,IND,India,Year,2015,false,,,,,,,,,,,,,1169261,,,,,,1 169 261,,,EN,2025-12-18T16:00:00.000Z
MALARIA_CONF_CASES,Number of confirmed malaria cases,numeric,AFR,Africa,Country,CMR,Cameroon,Year,2015,false,,,,,,,,,,,,,1193281,,,,,,1 193 281,,,EN,2025-12-18T16:00:00.000Z
MALARIA_CONF_CASES,Number of confirmed malaria cases,numeric,AFR,Africa,Country,SLE,Sierra Leone,Year,2015,false,,,,,,,,,,,,,1483376,,,,,,1 483 376,,,EN,2025-12-18T16:00:00.000Z
MALARIA_CONF_CASES,Number of confirmed malaria cases,numeric,AFR,Africa,Country,TGO,Togo,Year,2015,false,,,,,,,,,,,,,1610711,,,,,,1 610 711,,,EN,2025-12-18T16:00:00.000Z
MALARIA_CONF_CASES,Number of confirmed malaria cases,numeric,AFR,Africa,Country,BEN,Benin,Year,2015,false,,,,,,,,,,,,,1721626,,,,,,1 721 626,,,EN,2025-12-18T16:00:00.000Z
MALARIA_CONF_CASES,Number of confirmed malaria cases,numeric,AFR,Africa,Country,ETH,Ethiopia,Year,2015,false,,,,,,,,,,,,,1867059,,,,,,1 867 059,,,EN,2025-12-18T16:00:00.000Z
MALARIA_CONF_CASES,Number of confirmed malaria cases,numeric,SEAR,South-East Asia,Country,BTN,Bhutan,Year,2015,false,,,,,,,,,,,,,104,,,,,,104,,,EN,2025-12-18T16:00:00.000Z
MALARIA_CONF_CASES,Number of confirmed malaria cases,numeric,AMR,Americas,Country,ARG,Argentina,Year,2015,false,,,,,,,,,,,,,11,,,,,,11,,,EN,2025-12-18T16:00:00.000Z
MALARIA_CONF_CASES,Number of confirmed malaria cases,numeric,AFR,Africa,Country,MYT,Mayotte,Year,2015,false,,,,,,,,,,,,,11,,,,,,11,,,EN,2025-12-18T16:00:00.000Z
MALARIA_CONF_CASES,Number of confirmed malaria cases,numeric,WPR,Western Pacific,Country,PHL,Philippines,Year,2015,false,,,,,,,,,,,,,11410,,,,,,11 410,,,EN,2025-12-18T16:00:00.000Z
MALARIA_CONF_CASES,Number of confirmed malaria cases,numeric,SEAR,South-East Asia,Country,NPL,Nepal,Year,2015,false,,,,,,,,,,,,,1112,,,,,,1112,,,EN,2025-12-18T16:00:00.000Z
MALARIA_CONF_CASES,Number of confirmed malaria cases,numeric,EMR,Eastern Mediterranean,Country,AFG,Afghanistan,Year,2015,false,,,,,,,,,,,,,119859,,,,,,119 859,,,EN,2025-12-18T16:00:00.000Z
MALARIA_CONF_CASES,Number of confirmed malaria cases,numeric,AFR,Africa,Country,NAM,Namibia,Year,2015,false,,,,,,,,,,,,,12050,,,,,,12 050,,,EN,2025-12-18T16:00:00.000Z
MALARIA_CONF_CASES,Number of confirmed malaria cases,numeric,AFR,Africa,Country,COD,Democratic Republic of the Congo,Year,2015,false,,,,,,,,,,,,,12538805,,,,,,12 538 805,,,EN,2025-12-18T16:00:00.000Z
MALARIA_CONF_CASES,Number of confirmed malaria cases,numeric,AMR,Americas,Country,BLZ,Belize,Year,2015,false,,,,,,,,,,,,,13,,,,,,13,,,EN,2025-12-18T16:00:00.000Z
MALARIA_CONF_CASES,Number of confirmed malaria cases,numeric,AMR,Americas,Country,VEN,Venezuela (Bolivarian Republic of),Year,2015,false,,,,,,,,,,,,,137996,,,,,,137 996,,,EN,2025-12-18T16:00:00.000Z
MALARIA_CONF_CASES,Number of confirmed malaria cases,numeric,AFR,Africa,Country,GNQ,Equatorial Guinea,Year,2015,false,,,,,,,,,,,,,15142,,,,,,15 142,,,EN,2025-12-18T16:00:00.000Z
MALARIA_CONF_CASES,Number of confirmed malaria cases,numeric,AFR,Africa,Country,GNB,Guinea-Bissau,Year,2015,false,,,,,,,,,,,,,150085,,,,,,150 085,,,EN,2025-12-18T16:00:00.000Z
MALARIA_CONF_CASES,Number of confirmed malaria cases,numeric,AMR,Americas,Country,BRA,Brazil,Year,2015,false,,,,,,,,,,,,,169390,,,,,,169 390,,,EN,2025-12-18T16:00:00.000Z
MALARIA_CONF_CASES,Number of confirmed malaria cases,numeric,AMR,Americas,Country,HTI,Haiti,Year,2015,false,,,,,,,,,,,,,17583,,,,,,17 583,,,EN,2025-12-18T16:00:00.000Z
MALARIA_CONF_CASES,Number of confirmed malaria cases,numeric,SEAR,South-East Asia,Country,MMR,Myanmar,Year,2015,false,,,,,,,,,,,,,182465,,,,,,182 465,,,EN,2025-12-18T16:00:00.000Z
MALARIA_CONF_CASES,Number of confirmed malaria cases,numeric,AFR,Africa,Country,COM,Comoros,Year,2015,false,,,,,,,,,,,,,1884,,,,,,1884,,,EN,2025-12-18T16:00:00.000Z
MALARIA_CONF_CASES,Number of confirmed malaria cases,numeric,EUR,Europe,Country,ARM,Armenia,Year,2015,false,,,,,,,,,,,,,2,,,,,,2,,,EN,2025-12-18T16:00:00.000Z
MALARIA_CONF_CASES,Number of confirmed malaria cases,numeric,EUR,Europe,Country,KAZ,Kazakhstan,Year,2015,false,,,,,,,,,,,,,2,,,,,,2,,,EN,2025-12-18T16:00:00.000Z
MALARIA_CONF_CASES,Number of confirmed malaria cases,numeric,AFR,Africa,Country,KEN,Kenya,Year,2015,false,,,,,,,,,,,,,2041277,,,,,,2 041 277,,,EN,2025-12-18T16:00:00.000Z
MALARIA_CONF_CASES,Number of confirmed malaria cases,numeric,AFR,Africa,Country,NER,Niger,Year,2015,false,,,,,,,,,,,,,2392108,,,,,,2 392 108,,,EN,2025-12-18T16:00:00.000Z
MALARIA_CONF_CASES,Number of confirmed malaria cases,numeric,AFR,Africa,Country,MLI,Mali,Year,2015,false,,,,,,,,,,,,,2454508,,,,,,2 454 508,,,EN,2025-12-18T16:00:00.000Z
MALARIA_CONF_CASES,Number of confirmed malaria cases,numeric,AFR,Africa,Country,RWA,Rwanda,Year,2015,false,,,,,,,,,,,,,2505794,,,,,,2 505 794,,,EN,2025-12-18T16:00:00.000Z
MALARIA_CONF_CASES,Number of confirmed malaria cases,numeric,AFR,Africa,Country,AGO,Angola,Year,2015,false,,,,,,,,,,,,,2769305,,,,,,2 769 305,,,EN,2025-12-18T16:00:00.000Z
MALARIA_CONF_CASES,Number of confirmed malaria cases,numeric,EMR,Eastern Mediterranean,Country,SOM,Somalia,Year,2015,false,,,,,,,,,,,,,20953,,,,,,20 953,,,EN,2025-12-18T16:00:00.000Z
MALARIA_CONF_CASES,Number of confirmed malaria cases,numeric,EMR,Eastern Mediterranean,Country,PAK,Pakistan,Year,2015,false,,,,,,,,,,,,,203859,,,,,,203 859,,,EN,2025-12-18T16:00:00.000Z
MALARIA_CONF_CASES,Number of confirmed malaria cases,numeric,AFR,Africa,Country,STP,Sao Tome and Principe,Year,2015,false,,,,,,,,,,,,,2058,,,,,,2058,,,EN,2025-12-18T16:00:00.000Z
MALARIA_CONF_CASES,Number of confirmed malaria cases,numeric,WPR,Western Pacific,Country,IDN,Indonesia,Year,2015,false,,,,,,,,,,,,,217025,,,,,,217 025,,,EN,2025-12-18T16:00:00.000Z
MALARIA_CONF_CASES,Number of confirmed malaria cases,numeric,AFR,Africa,Country,MRT,Mauritania,Year,2015,false,,,,,,,,,,,,,22631,,,,,,22 631,,,EN,2025-12-18T16:00:00.000Z
MALARIA_CONF_CASES,Number of confirmed malaria cases,numeric,EUR,Europe,Country,TUR,Türkiye,Year,2015,false,,,,,,,,,,,,,224,,,,,,224,,,EN,2025-12-18T16:00:00.000Z
MALARIA_CONF_CASES,Number of confirmed malaria cases,numeric,AFR,Africa,Country,GAB,Gabon,Year,2015,false,,,,,,,,,,,,,23867,,,,,,23 867,,,EN,2025-12-18T16:00:00.000Z
MALARIA_CONF_CASES,Number of confirmed malaria cases,numeric,WPR,Western Pacific,Country,SLB,Solomon Islands,Year,2015,false,,,,,,,,,,,,,23998,,,,,,23 998,,,EN,2025-12-18T16:00:00.000Z
MALARIA_CONF_CASES,Number of confirmed malaria cases,numeric,AMR,Americas,Country,NIC,Nicaragua,Year,2015,false,,,,,,,,,,,,,2308,,,,,,2308,,,EN,2025-12-18T16:00:00.000Z
MALARIA_CONF_CASES,Number of confirmed malaria cases,numeric,WPR,Western Pacific,Country,MYS,Malaysia,Year,2015,false,,,,,,,,,,,,,2311,,,,,,2311,,,EN,2025-12-18T16:00:00.000Z
MALARIA_CONF_CASES,Number of confirmed malaria cases,numeric,AFR,Africa,Country,SSD,South Sudan,Year,2015,false,,,,,,,,,,,,,24371,,,,,,24 371,,,EN,2025-12-18T16:00:00.000Z
MALARIA_CONF_CASES,Number of confirmed malaria cases,numeric,AFR,Africa,Country,GMB,Gambia,Year,2015,false,,,,,,,,,,,,,246348,,,,,,246 348,,,EN,2025-12-18T16:00:00.000Z
MALARIA_CONF_CASES,Number of confirmed malaria cases,numeric,EMR,Eastern Mediterranean,Country,SAU,Saudi Arabia,Year,2015,false,,,,,,,,,,,,,2620,,,,,,2620,,,EN,2025-12-18T16:00:00.000Z
MALARIA_CONF_CASES,Number of confirmed malaria cases,numeric,AFR,Africa,Country,CPV,Cabo Verde,Year,2015,false,,,,,,,,,,,,,27,,,,,,27,,,EN,2025-12-18T16:00:00.000Z
MALARIA_CONF_CASES,Number of confirmed malaria cases,numeric,SEAR,South-East Asia,Country,THA,Thailand,Year,2015,false,,,,,,,,,,,,,27385,,,,,,27 385,,,EN,2025-12-18T16:00:00.000Z
MALARIA_CONF_CASES,Number of confirmed malaria cases,numeric,AFR,Africa,Country,ERI,Eritrea,Year,2015,false,,,,,,,,,,,,,28036,,,,,,28 036,,,EN,2025-12-18T16:00:00.000Z
MALARIA_CONF_CASES,Number of confirmed malaria cases,numeric,AFR,Africa,Country,CIV,Cote d'Ivoire,Year,2015,false,,,,,,,,,,,,,3375904,,,,,,3 375 904,,,EN,2025-12-18T16:00:00.000Z
MALARIA_CONF_CASES,Number of confirmed malaria cases,numeric,AFR,Africa,Country,MWI,Malawi,Year,2015,false,,,,,,,,,,,,,3661238,,,,,,3 661 238,,,EN,2025-12-18T16:00:00.000Z
MALARIA_CONF_CASES,Number of confirmed malaria cases,numeric,WPR,Western Pacific,Country,CHN,China,Year,2015,false,,,,,,,,,,,,,3251,,,,,,3251,,,EN,2025-12-18T16:00:00.000Z
MALARIA_CONF_CASES,Number of confirmed malaria cases,numeric,AFR,Africa,Country,BWA,Botswana,Year,2015,false,,,,,,,,,,,,,332,,,,,,332,,,EN,2025-12-18T16:00:00.000Z
MALARIA_CONF_CASES,Number of confirmed malaria cases,numeric,WPR,Western Pacific,Country,PNG,Papua New Guinea,Year,2015,false,,,,,,,,,,,,,346431,,,,,,346 431,,,EN,2025-12-18T16:00:00.000Z
MALARIA_CONF_CASES,Number of confirmed malaria cases,numeric,AMR,Americas,Country,HND,Honduras,Year,2015,false,,,,,,,,,,,,,3555,,,,,,3555,,,EN,2025-12-18T16:00:00.000Z
MALARIA_CONF_CASES,Number of confirmed malaria cases,numeric,SEAR,South-East Asia,Country,LKA,Sri Lanka,Year,2015,false,,,,,,,,,,,,,36,,,,,,36,,,EN,2025-12-18T16:00:00.000Z
MALARIA_CONF_CASES,Number of confirmed malaria cases,numeric,WPR,Western Pacific,Country,LAO,Lao People's Democratic Republic,Year,2015,false,,,,,,,,,,,,,36078,,,,,,36 078,,,EN,2025-12-18T16:00:00.000Z
MALARIA_CONF_CASES,Number of confirmed malaria cases,numeric,AMR,Americas,Country,SUR,Suriname,Year,2015,false,,,,,,,,,,,,,376,,,,,,376,,,EN,2025-12-18T16:00:00.000Z
MALARIA_CONF_CASES,Number of confirmed malaria cases,numeric,SEAR,South-East Asia,Country,BGD,Bangladesh,Year,2015,false,,,,,,,,,,,,,39719,,,,,,39 719,,,EN,2025-12-18T16:00:00.000Z
MALARIA_CONF_CASES,Number of confirmed malaria cases,numeric,AFR,Africa,Country,ZMB,Zambia,Year,2015,false,,,,,,,,,,,,,4184661,,,,,,4 184 661,,,EN,2025-12-18T16:00:00.000Z
MALARIA_CONF_CASES,Number of confirmed malaria cases,numeric,AFR,Africa,Country,TZA,United Republic of Tanzania,Year,2015,false,,,,,,,,,,,,,4902828,,,,,,4 902 828,,,EN,2025-12-18T16:00:00.000Z
MALARIA_CONF_CASES,Number of confirmed malaria cases,numeric,AMR,Americas,Country,GUF,French Guiana,Year,2015,false,,,,,,,,,,,,,434,,,,,,434,,,EN,2025-12-18T16:00:00.000Z
MALARIA_CONF_CASES,Number of confirmed malaria cases,numeric,AFR,Africa,Country,SWZ,Eswatini,Year,2015,false,,,,,,,,,,,,,475,,,,,,475,,,EN,2025-12-18T16:00:00.000Z
MALARIA_CONF_CASES,Number of confirmed malaria cases,numeric,AFR,Africa,Country,ZWE,Zimbabwe,Year,2015,false,,,,,,,,,,,,,484794,,,,,,484 794,,,EN,2025-12-18T16:00:00.000Z
MALARIA_CONF_CASES,Number of confirmed malaria cases,numeric,AFR,Africa,Country,SEN,Senegal,Year,2015,false,,,,,,,,,,,,,492253,,,,,,492 253,,,EN,2025-12-18T16:00:00.000Z
MALARIA_CONF_CASES,Number of confirmed malaria cases,numeric,AFR,Africa,Country,ZAF,South Africa,Year,2015,false,,,,,,,,,,,,,4959,,,,,,4959,,,EN,2025-12-18T16:00:00.000Z
MALARIA_CONF_CASES,Number of confirmed malaria cases,numeric,EUR,Europe,Country,TJK,Tajikistan,Year,2015,false,,,,,,,,,,,,,5,,,,,,5,,,EN,2025-12-18T16:00:00.000Z
MALARIA_CONF_CASES,Number of confirmed malaria cases,numeric,AFR,Africa,Country,BDI,Burundi,Year,2015,false,,,,,,,,,,,,,5428710,,,,,,5 428 710,,,EN,2025-12-18T16:00:00.000Z
MALARIA_CONF_CASES,Number of confirmed malaria cases,numeric,AFR,Africa,Country,GHA,Ghana,Year,2015,false,,,,,,,,,,,,,5657096,,,,,,5 657 096,,,EN,2025-12-18T16:00:00.000Z
MALARIA_CONF_CASES,Number of confirmed malaria cases,numeric,AFR,Africa,Country,COG,Congo,Year,2015,false,,,,,,,,,,,,,51529,,,,,,51 529,,,EN,2025-12-18T16:00:00.000Z
MALARIA_CONF_CASES,Number of confirmed malaria cases,numeric,AMR,Americas,Country,MEX,Mexico,Year,2015,false,,,,,,,,,,,,,551,,,,,,551,,,EN,2025-12-18T16:00:00.000Z
MALARIA_CONF_CASES,Number of confirmed malaria cases,numeric,AMR,Americas,Country,GTM,Guatemala,Year,2015,false,,,,,,,,,,,,,5540,,,,,,5540,,,EN,2025-12-18T16:00:00.000Z
MALARIA_CONF_CASES,Number of confirmed malaria cases,numeric,AMR,Americas,Country,PAN,Panama,Year,2015,false,,,,,,,,,,,,,562,,,,,,562,,,EN,2025-12-18T16:00:00.000Z
MALARIA_CONF_CASES,Number of confirmed malaria cases,numeric,WPR,Western Pacific,Country,VUT,Vanuatu,Year,2015,false,,,,,,,,,,,,,571,,,,,,571,,,EN,2025-12-18T16:00:00.000Z
MALARIA_CONF_CASES,Number of confirmed malaria cases,numeric,EMR,Eastern Mediterranean,Country,SDN,Sudan,Year,2015,false,,,,,,,,,,,,,586827,,,,,,586 827,,,EN,2025-12-18T16:00:00.000Z
MALARIA_CONF_CASES,Number of confirmed malaria cases,numeric,AFR,Africa,Country,CAF,Central African Republic,Year,2015,false,,,,,,,,,,,,,598833,,,,,,598 833,,,EN,2025-12-18T16:00:00.000Z
MALARIA_CONF_CASES,Number of confirmed malaria cases,numeric,EUR,Europe,Country,GEO,Georgia,Year,2015,false,,,,,,,,,,,,,6,,,,,,6,,,EN,2025-12-18T16:00:00.000Z
MALARIA_CONF_CASES,Number of confirmed malaria cases,numeric,AMR,Americas,Country,COL,Colombia,Year,2015,false,,,,,,,,,,,,,65453,,,,,,65 453,,,EN,2025-12-18T16:00:00.000Z
MALARIA_CONF_CASES,Number of confirmed malaria cases,numeric,AMR,Americas,Country,PER,Peru,Year,2015,false,,,,,,,,,,,,,66609,,,,,,66 609,,,EN,2025-12-18T16:00:00.000Z
MALARIA_CONF_CASES,Number of confirmed malaria cases,numeric,AMR,Americas,Country,DOM,Dominican Republic,Year,2015,false,,,,,,,,,,,,,661,,,,,,661,,,EN,2025-12-18T16:00:00.000Z
MALARIA_CONF_CASES,Number of confirmed malaria cases,numeric,WPR,Western Pacific,Country,KHM,Cambodia,Year,2015,false,,,,,,,,,,,,,68109,,,,,,68 109,,,EN,2025-12-18T16:00:00.000Z
MALARIA_CONF_CASES,Number of confirmed malaria cases,numeric,AMR,Americas,Country,ECU,Ecuador,Year,2015,false,,,,,,,,,,,,,686,,,,,,686,,,EN,2025-12-18T16:00:00.000Z
MALARIA_CONF_CASES,Number of confirmed malaria cases,numeric,AMR,Americas,Country,BOL,Bolivia (Plurinational State of),Year,2015,false,,,,,,,,,,,,,6907,,,,,,6907,,,EN,2025-12-18T16:00:00.000Z
MALARIA_CONF_CASES,Number of confirmed malaria cases,numeric,WPR,Western Pacific,Country,KOR,Republic of Korea,Year,2015,false,,,,,,,,,,,,,692,,,,,,692,,,EN,2025-12-18T16:00:00.000Z
MALARIA_CONF_CASES,Number of confirmed malaria cases,numeric,AFR,Africa,Country,BFA,Burkina Faso,Year,2015,false,,,,,,,,,,,,,7015446,,,,,,7 015 446,,,EN,2025-12-18T16:00:00.000Z
MALARIA_CONF_CASES,Number of confirmed malaria cases,numeric,AFR,Africa,Country,UGA,Uganda,Year,2015,false,,,,,,,,,,,,,7412747,,,,,,7 412 747,,,EN,2025-12-18T16:00:00.000Z
MALARIA_CONF_CASES,Number of confirmed malaria cases,numeric,SEAR,South-East Asia,Country,PRK,Democratic People's Republic of Korea,Year,2015,false,,,,,,,,,,,,,7022,,,,,,7022,,,EN,2025-12-18T16:00:00.000Z
MALARIA_CONF_CASES,Number of confirmed malaria cases,numeric,AFR,Africa,Country,DZA,Algeria,Year,2015,false,,,,,,,,,,,,,747,,,,,,747,,,EN,2025-12-18T16:00:00.000Z
MALARIA_CONF_CASES,Number of confirmed malaria cases,numeric,EMR,Eastern Mediterranean,Country,YEM,Yemen,Year,2015,false,,,,,,,,,,,,,76259,,,,,,76 259,,,EN,2025-12-18T16:00:00.000Z
MALARIA_CONF_CASES,Number of confirmed malaria cases,numeric,AFR,Africa,Country,TCD,Chad,Year,2015,false,,,,,,,,,,,,,787046,,,,,,787 046,,,EN,2025-12-18T16:00:00.000Z
MALARIA_CONF_CASES,Number of confirmed malaria cases,numeric,EMR,Eastern Mediterranean,Country,IRN,Iran (Islamic Republic of),Year,2015,false,,,,,,,,,,,,,799,,,,,,799,,,EN,2025-12-18T16:00:00.000Z
MALARIA_CONF_CASES,Number of confirmed malaria cases,numeric,AMR,Americas,Country,CRI,Costa Rica,Year,2015,false,,,,,,,,,,,,,8,,,,,,8,,,EN,2025-12-18T16:00:00.000Z
MALARIA_CONF_CASES,Number of confirmed malaria cases,numeric,AMR,Americas,Country,PRY,Paraguay,Year,2015,false,,,,,,,,,,,,,8,,,,,,8,,,EN,2025-12-18T16:00:00.000Z
MALARIA_CONF_CASES,Number of confirmed malaria cases,numeric,AFR,Africa,Country,NGA,Nigeria,Year,2015,false,,,,,,,,,,,,,8068583,,,,,,8 068 583,,,EN,2025-12-18T16:00:00.000Z
MALARIA_CONF_CASES,Number of confirmed malaria cases,numeric,AFR,Africa,Country,MOZ,Mozambique,Year,2015,false,,,,,,,,,,,,,8222814,,,,,,8 222 814,,,EN,2025-12-18T16:00:00.000Z
MALARIA_CONF_CASES,Number of confirmed malaria cases,numeric,SEAR,South-East Asia,Country,TLS,Timor-Leste,Year,2015,false,,,,,,,,,,,,,80,,,,,,80,,,EN,2025-12-18T16:00:00.000Z
MALARIA_CONF_CASES,Number of confirmed malaria cases,numeric,AFR,Africa,Country,GIN,Guinea,Year,2015,false,,,,,,,,,,,,,810979,,,,,,810 979,,,EN,2025-12-18T16:00:00.000Z
MALARIA_CONF_CASES,Number of confirmed malaria cases,numeric,AMR,Americas,Country,SLV,El Salvador,Year,2015,false,,,,,,,,,,,,,9,,,,,,9,,,EN,2025-12-18T16:00:00.000Z
MALARIA_CONF_CASES,Number of confirmed malaria cases,numeric,WPR,Western Pacific,Country,VNM,Viet Nam,Year,2015,false,,,,,,,,,,,,,9331,,,,,,9331,,,EN,2025-12-18T16:00:00.000Z
MALARIA_CONF_CASES,Number of confirmed malaria cases,numeric,AFR,Africa,Country,MDG,Madagascar,Year,2015,false,,,,,,,,,,,,,939657,,,,,,939 657,,,EN,2025-12-18T16:00:00.000Z
MALARIA_CONF_CASES,Number of confirmed malaria cases,numeric,AFR,Africa,Country,LBR,Liberia,Year,2015,false,,,,,,,,,,,,,941711,,,,,,941 711,,,EN,2025-12-18T16:00:00.000Z
MALARIA_CONF_CASES,Number of confirmed malaria cases,numeric,EMR,Eastern Mediterranean,Country,DJI,Djibouti,Year,2015,false,,,,,,,,,,,,,9473,,,,,,9473,,,EN,2025-12-18T16:00:00.000Z
MALARIA_CONF_CASES,Number of confirmed malaria cases,numeric,AMR,Americas,Country,GUY,Guyana,Year,2015,false,,,,,,,,,,,,,9984,,,,,,9984,,,EN,2025-12-18T16:00:00.000Z
